timestamp,speaker_id,confidence,motor_status,spec_status,locked
2026-06-12 16:49:12,Patience,0.0000,NO_FACE,OUT_OF_FRAME,0
2026-06-12 16:49:12,Patience,0.0000,NO_FACE,OUT_OF_FRAME,0
2026-06-12 16:49:12,Patience,0.0000,NO_FACE,OUT_OF_FRAME,0
2026-06-12 16:49:13,Patience,0.0000,NO_FACE,OUT_OF_FRAME,0
2026-06-12 16:49:13,Patience,0.0000,NO_FACE,OUT_OF_FRAME,0
2026-06-12 16:49:13,Patience,0.0000,NO_FACE,OUT_OF_FRAME,0
2026-06-12 16:49:13,Patience,0.0000,NO_FACE,OUT_OF_FRAME,0
2026-06-12 16:49:13,Patience,0.0000,NO_FACE,OUT_OF_FRAME,0
2026-06-12 16:49:13,Patience,0.0000,NO_FACE,OUT_OF_FRAME,0
2026-06-12 16:49:13,Patience,0.0000,NO_FACE,OUT_OF_FRAME,0
2026-06-12 16:49:14,Patience,0.0000,NO_FACE,OUT_OF_FRAME,0
2026-06-12 16:49:14,Patience,0.0000,NO_FACE,OUT_OF_FRAME,0
2026-06-12 16:49:14,Patience,0.0000,NO_FACE,OUT_OF_FRAME,0
2026-06-12 16:49:14,Patience,0.0000,NO_FACE,OUT_OF_FRAME,0
2026-06-12 16:49:14,Patience,0.0000,NO_FACE,OUT_OF_FRAME,0
2026-06-12 16:49:14,Patience,0.0000,NO_FACE,OUT_OF_FRAME,0
2026-06-12 16:49:14,Patience,0.0000,NO_FACE,OUT_OF_FRAME,0
2026-06-12 16:49:15,Patience,0.0000,NO_FACE,OUT_OF_FRAME,0
2026-06-12 16:49:15,Patience,0.0000,NO_FACE,OUT_OF_FRAME,0
2026-06-12 16:49:15,Patience,0.0000,NO_FACE,OUT_OF_FRAME,0
2026-06-12 16:49:15,Patience,0.0000,NO_FACE,OUT_OF_FRAME,0
2026-06-12 16:49:15,Patience,0.0000,NO_FACE,OUT_OF_FRAME,0
2026-06-12 16:49:15,Patience,0.0000,NO_FACE,OUT_OF_FRAME,0
2026-06-12 16:49:15,Patience,0.4182,CENTERED,CENTERED,1
2026-06-12 16:49:16,Patience,0.4332,MOVE_RIGHT,MOVED_RIGHT,1
2026-06-12 16:49:16,Patience,0.4390,MOVE_RIGHT,MOVED_RIGHT,1
2026-06-12 16:49:16,Patience,0.4339,MOVE_RIGHT,MOVED_RIGHT,1
2026-06-12 16:49:16,Patience,0.4259,MOVE_RIGHT,MOVED_RIGHT,1
2026-06-12 16:49:16,Patience,0.4290,MOVE_RIGHT,MOVED_RIGHT,1
2026-06-12 16:49:16,Patience,0.4241,MOVE_RIGHT,MOVED_RIGHT,1
2026-06-12 16:49:16,Patience,0.4241,MOVE_RIGHT,MOVED_RIGHT,1
2026-06-12 16:49:16,Patience,0.4303,MOVE_RIGHT,MOVED_RIGHT,1
2026-06-12 16:49:17,Patience,0.4479,MOVE_RIGHT,MOVED_RIGHT,1
2026-06-12 16:49:17,Patience,0.4538,MOVE_RIGHT,MOVED_RIGHT,1
2026-06-12 16:49:17,Patience,0.4155,MOVE_RIGHT,MOVED_RIGHT,1
2026-06-12 16:49:17,Patience,0.0000,NO_FACE,OUT_OF_FRAME,0
2026-06-12 16:49:17,Patience,0.0000,NO_FACE,OUT_OF_FRAME,0
2026-06-12 16:49:17,Patience,0.0000,NO_FACE,OUT_OF_FRAME,0
2026-06-12 16:49:17,Patience,0.0000,NO_FACE,OUT_OF_FRAME,0
2026-06-12 16:49:18,Patience,0.0000,NO_FACE,OUT_OF_FRAME,0
2026-06-12 16:49:18,Patience,0.0000,NO_FACE,OUT_OF_FRAME,0
2026-06-12 16:49:18,Patience,0.0000,NO_FACE,OUT_OF_FRAME,0
2026-06-12 16:49:18,Patience,0.0000,NO_FACE,OUT_OF_FRAME,0
2026-06-12 16:49:18,Patience,0.0000,NO_FACE,OUT_OF_FRAME,0
2026-06-12 16:49:18,Patience,0.0000,NO_FACE,OUT_OF_FRAME,0
2026-06-12 16:49:18,Patience,0.0000,NO_FACE,OUT_OF_FRAME,0
2026-06-12 16:49:18,Patience,0.0000,NO_FACE,OUT_OF_FRAME,0
2026-06-12 16:49:19,Patience,0.0000,NO_FACE,OUT_OF_FRAME,0
2026-06-12 16:49:19,Patience,0.0000,NO_FACE,OUT_OF_FRAME,0
2026-06-12 16:49:19,Patience,0.0000,NO_FACE,OUT_OF_FRAME,0
2026-06-12 16:49:19,Patience,0.0000,NO_FACE,OUT_OF_FRAME,0
2026-06-12 16:49:19,Patience,0.0000,NO_FACE,OUT_OF_FRAME,0
2026-06-12 16:49:19,Patience,0.0000,NO_FACE,OUT_OF_FRAME,0
2026-06-12 16:49:19,Patience,0.0000,NO_FACE,OUT_OF_FRAME,0
2026-06-12 16:49:20,Patience,0.0000,NO_FACE,OUT_OF_FRAME,0
2026-06-12 16:49:20,Patience,0.0000,NO_FACE,OUT_OF_FRAME,0
2026-06-12 16:49:20,Patience,0.0000,NO_FACE,OUT_OF_FRAME,0
2026-06-12 16:49:20,Patience,0.4109,MOVE_RIGHT,MOVED_RIGHT,1
2026-06-12 16:49:20,Patience,0.4976,CENTERED,CENTERED,1
2026-06-12 16:49:20,Patience,0.5439,CENTERED,CENTERED,1
2026-06-12 16:49:20,Patience,0.5439,CENTERED,CENTERED,1
2026-06-12 16:49:20,Patience,0.5335,CENTERED,CENTERED,1
2026-06-12 16:49:21,Patience,0.6149,CENTERED,CENTERED,1
2026-06-12 16:49:21,Patience,0.5961,CENTERED,CENTERED,1
2026-06-12 16:49:21,Patience,0.5301,CENTERED,CENTERED,1
2026-06-12 16:49:21,Patience,0.6370,MOVE_RIGHT,MOVED_RIGHT,1
2026-06-12 16:49:21,Patience,0.6479,MOVE_RIGHT,MOVED_RIGHT,1
2026-06-12 16:49:21,Patience,0.6451,MOVE_RIGHT,MOVED_RIGHT,1
2026-06-12 16:49:21,Patience,0.0000,NO_FACE,OUT_OF_FRAME,0
2026-06-12 16:49:21,Patience,0.0000,NO_FACE,OUT_OF_FRAME,0
2026-06-12 16:49:22,Patience,0.0000,NO_FACE,OUT_OF_FRAME,0
2026-06-12 16:49:22,Patience,0.0000,NO_FACE,OUT_OF_FRAME,0
2026-06-12 16:49:22,Patience,0.0000,NO_FACE,OUT_OF_FRAME,0
2026-06-12 16:49:22,Patience,0.0000,NO_FACE,OUT_OF_FRAME,0
2026-06-12 16:49:22,Patience,0.0000,NO_FACE,OUT_OF_FRAME,0
2026-06-12 16:49:22,Patience,0.0000,NO_FACE,OUT_OF_FRAME,0
2026-06-12 16:49:22,Patience,0.0000,NO_FACE,OUT_OF_FRAME,0
2026-06-12 16:49:22,Patience,0.0000,NO_FACE,OUT_OF_FRAME,0
2026-06-12 16:49:23,Patience,0.0000,NO_FACE,OUT_OF_FRAME,0
2026-06-12 16:49:23,Patience,0.0000,NO_FACE,OUT_OF_FRAME,0
2026-06-12 16:49:23,Patience,0.0000,NO_FACE,OUT_OF_FRAME,0
2026-06-12 16:49:23,Patience,0.0000,NO_FACE,OUT_OF_FRAME,0
2026-06-12 16:49:23,Patience,0.0000,NO_FACE,OUT_OF_FRAME,0
2026-06-12 16:49:23,Patience,0.0000,NO_FACE,OUT_OF_FRAME,0
2026-06-12 16:49:23,Patience,0.0000,NO_FACE,OUT_OF_FRAME,0
2026-06-12 16:49:23,Patience,0.0000,NO_FACE,OUT_OF_FRAME,0
2026-06-12 16:49:24,Patience,0.0000,NO_FACE,OUT_OF_FRAME,0
2026-06-12 16:49:24,Patience,0.0000,NO_FACE,OUT_OF_FRAME,0
2026-06-12 16:49:24,Patience,0.0000,NO_FACE,OUT_OF_FRAME,0
2026-06-12 16:49:24,Patience,0.0000,NO_FACE,OUT_OF_FRAME,0
2026-06-12 16:49:24,Patience,0.0000,NO_FACE,OUT_OF_FRAME,0
2026-06-12 16:49:24,Patience,0.0000,NO_FACE,OUT_OF_FRAME,0
2026-06-12 16:49:24,Patience,0.0000,NO_FACE,OUT_OF_FRAME,0
2026-06-12 16:49:24,Patience,0.0000,NO_FACE,OUT_OF_FRAME,0
2026-06-12 16:49:25,Patience,0.0000,NO_FACE,OUT_OF_FRAME,0
2026-06-12 16:49:25,Patience,0.0000,NO_FACE,OUT_OF_FRAME,0
2026-06-12 16:49:25,Patience,0.0000,NO_FACE,OUT_OF_FRAME,0
2026-06-12 16:49:25,Patience,0.0000,NO_FACE,OUT_OF_FRAME,0
2026-06-12 16:49:25,Patience,0.0000,NO_FACE,OUT_OF_FRAME,0
2026-06-12 16:49:25,Patience,0.0000,NO_FACE,OUT_OF_FRAME,0
2026-06-12 16:49:25,Patience,0.0000,NO_FACE,OUT_OF_FRAME,0
2026-06-12 16:49:25,Patience,0.0000,NO_FACE,OUT_OF_FRAME,0
2026-06-12 16:49:26,Patience,0.0000,NO_FACE,OUT_OF_FRAME,0
2026-06-12 16:49:26,Patience,0.0000,NO_FACE,OUT_OF_FRAME,0
2026-06-12 16:49:26,Patience,0.0000,NO_FACE,OUT_OF_FRAME,0
2026-06-12 16:49:26,Patience,0.0000,NO_FACE,OUT_OF_FRAME,0
2026-06-12 16:49:26,Patience,0.0000,NO_FACE,OUT_OF_FRAME,0
2026-06-12 16:49:26,Patience,0.0000,NO_FACE,OUT_OF_FRAME,0
2026-06-12 16:49:26,Patience,0.0000,NO_FACE,OUT_OF_FRAME,0
2026-06-12 16:49:26,Patience,0.0000,NO_FACE,OUT_OF_FRAME,0
2026-06-12 16:49:27,Patience,0.0000,NO_FACE,OUT_OF_FRAME,0
2026-06-12 16:49:27,Patience,0.0000,NO_FACE,OUT_OF_FRAME,0
2026-06-12 16:49:27,Patience,0.0000,NO_FACE,OUT_OF_FRAME,0
2026-06-12 16:49:27,Patience,0.0000,NO_FACE,OUT_OF_FRAME,0
2026-06-12 16:49:27,Patience,0.0000,NO_FACE,OUT_OF_FRAME,0
2026-06-12 16:49:27,Patience,0.0000,NO_FACE,OUT_OF_FRAME,0
2026-06-12 16:49:27,Patience,0.0000,NO_FACE,OUT_OF_FRAME,0
2026-06-12 16:49:27,Patience,0.0000,NO_FACE,OUT_OF_FRAME,0
2026-06-12 16:49:28,Patience,0.0000,NO_FACE,OUT_OF_FRAME,0
2026-06-12 16:49:28,Patience,0.0000,NO_FACE,OUT_OF_FRAME,0
2026-06-12 16:49:28,Patience,0.0000,NO_FACE,OUT_OF_FRAME,0
2026-06-12 16:49:28,Patience,0.0000,NO_FACE,OUT_OF_FRAME,0
2026-06-12 16:49:28,Patience,0.0000,NO_FACE,OUT_OF_FRAME,0
2026-06-12 16:49:28,Patience,0.0000,NO_FACE,OUT_OF_FRAME,0
2026-06-12 16:49:28,Patience,0.0000,NO_FACE,OUT_OF_FRAME,0
2026-06-12 16:49:28,Patience,0.0000,NO_FACE,OUT_OF_FRAME,0
2026-06-12 16:49:29,Patience,0.5167,MOVE_RIGHT,MOVED_RIGHT,1
2026-06-12 16:49:29,Patience,0.5400,MOVE_RIGHT,MOVED_RIGHT,1
2026-06-12 16:49:29,Patience,0.6429,MOVE_RIGHT,MOVED_RIGHT,1
2026-06-12 16:49:29,Patience,0.6473,MOVE_RIGHT,MOVED_RIGHT,1
2026-06-12 16:49:29,Patience,0.6356,MOVE_RIGHT,MOVED_RIGHT,1
2026-06-12 16:49:29,Patience,0.6576,MOVE_RIGHT,MOVED_RIGHT,1
2026-06-12 16:49:29,Patience,0.6552,MOVE_RIGHT,MOVED_RIGHT,1
2026-06-12 16:49:30,Patience,0.6500,MOVE_RIGHT,MOVED_RIGHT,1
2026-06-12 16:49:30,Patience,0.6532,MOVE_RIGHT,MOVED_RIGHT,1
2026-06-12 16:49:30,Patience,0.6546,MOVE_RIGHT,MOVED_RIGHT,1
2026-06-12 16:49:30,Patience,0.6420,MOVE_RIGHT,MOVED_RIGHT,1
2026-06-12 16:49:30,Patience,0.6330,MOVE_RIGHT,MOVED_RIGHT,1
2026-06-12 16:49:30,Patience,0.6540,MOVE_RIGHT,MOVED_RIGHT,1
2026-06-12 16:49:30,Patience,0.5882,MOVE_RIGHT,MOVED_RIGHT,1
2026-06-12 16:49:31,Patience,0.5007,MOVE_RIGHT,MOVED_RIGHT,1
2026-06-12 16:49:31,Patience,0.5049,MOVE_RIGHT,MOVED_RIGHT,1
2026-06-12 16:49:31,Patience,0.4695,MOVE_RIGHT,MOVED_RIGHT,1
2026-06-12 16:49:31,Patience,0.0000,NO_FACE,OUT_OF_FRAME,0
2026-06-12 16:49:31,Patience,0.0000,NO_FACE,OUT_OF_FRAME,0
2026-06-12 16:49:31,Patience,0.0000,NO_FACE,OUT_OF_FRAME,0
2026-06-12 16:49:31,Patience,0.0000,NO_FACE,OUT_OF_FRAME,0
2026-06-12 16:49:31,Patience,0.0000,NO_FACE,OUT_OF_FRAME,0
2026-06-12 16:49:32,Patience,0.0000,NO_FACE,OUT_OF_FRAME,0
2026-06-12 16:49:32,Patience,0.0000,NO_FACE,OUT_OF_FRAME,0
2026-06-12 16:49:32,Patience,0.0000,NO_FACE,OUT_OF_FRAME,0
2026-06-12 16:49:32,Patience,0.0000,NO_FACE,OUT_OF_FRAME,0
2026-06-12 16:49:32,Patience,0.0000,NO_FACE,OUT_OF_FRAME,0
2026-06-12 16:49:32,Patience,0.4951,MOVE_RIGHT,MOVED_RIGHT,1
2026-06-12 16:49:32,Patience,0.5142,MOVE_RIGHT,MOVED_RIGHT,1
2026-06-12 16:49:33,Patience,0.5711,MOVE_RIGHT,MOVED_RIGHT,1
2026-06-12 16:49:33,Patience,0.6134,MOVE_RIGHT,MOVED_RIGHT,1
2026-06-12 16:49:33,Patience,0.6524,MOVE_RIGHT,MOVED_RIGHT,1
2026-06-12 16:49:33,Patience,0.6513,MOVE_RIGHT,MOVED_RIGHT,1
2026-06-12 16:49:33,Patience,0.6416,MOVE_RIGHT,MOVED_RIGHT,1
2026-06-12 16:49:33,Patience,0.6631,CENTERED,CENTERED,1
2026-06-12 16:49:34,Patience,0.6367,CENTERED,CENTERED,1
2026-06-12 16:49:34,Patience,0.6434,CENTERED,CENTERED,1
2026-06-12 16:49:34,Patience,0.6899,CENTERED,CENTERED,1
2026-06-12 16:49:34,Patience,0.6696,CENTERED,CENTERED,1
2026-06-12 16:49:35,Patience,0.6525,CENTERED,CENTERED,1
2026-06-12 16:49:35,Patience,0.6436,CENTERED,CENTERED,1
2026-06-12 16:49:35,Patience,0.6508,CENTERED,CENTERED,1
2026-06-12 16:49:35,Patience,0.6418,CENTERED,CENTERED,1
2026-06-12 16:49:35,Patience,0.6469,CENTERED,CENTERED,1
2026-06-12 16:49:36,Patience,0.6359,CENTERED,CENTERED,1
2026-06-12 16:49:36,Patience,0.6560,CENTERED,CENTERED,1
2026-06-12 16:49:36,Patience,0.6478,CENTERED,CENTERED,1
2026-06-12 16:49:36,Patience,0.6529,CENTERED,CENTERED,1
2026-06-12 16:49:36,Patience,0.5979,CENTERED,CENTERED,1
2026-06-12 16:49:37,Patience,0.6621,CENTERED,CENTERED,1
2026-06-12 16:49:37,Patience,0.6222,CENTERED,CENTERED,1
2026-06-12 16:49:37,Patience,0.5308,CENTERED,CENTERED,1
2026-06-12 16:49:37,Patience,0.7007,MOVE_RIGHT,MOVED_RIGHT,1
2026-06-12 16:49:37,Patience,0.7326,MOVE_RIGHT,MOVED_RIGHT,1
2026-06-12 16:49:37,Patience,0.6361,MOVE_RIGHT,MOVED_RIGHT,1
2026-06-12 16:49:38,Patience,0.5759,MOVE_RIGHT,MOVED_RIGHT,1
2026-06-12 16:49:38,Patience,0.4198,MOVE_RIGHT,MOVED_RIGHT,1
2026-06-12 16:49:38,Patience,0.0000,NO_FACE,OUT_OF_FRAME,0
2026-06-12 16:49:38,Patience,0.0000,NO_FACE,OUT_OF_FRAME,0
2026-06-12 16:49:38,Patience,0.0000,NO_FACE,OUT_OF_FRAME,0
2026-06-12 16:49:38,Patience,0.0000,NO_FACE,OUT_OF_FRAME,0
2026-06-12 16:49:38,Patience,0.0000,NO_FACE,OUT_OF_FRAME,0
2026-06-12 16:49:39,Patience,0.0000,NO_FACE,OUT_OF_FRAME,0
2026-06-12 16:49:39,Patience,0.0000,NO_FACE,OUT_OF_FRAME,0
2026-06-12 16:49:39,Patience,0.0000,NO_FACE,OUT_OF_FRAME,0
2026-06-12 16:49:39,Patience,0.0000,NO_FACE,OUT_OF_FRAME,0
2026-06-12 16:49:39,Patience,0.4104,MOVE_RIGHT,MOVED_RIGHT,1
2026-06-12 16:49:39,Patience,0.4484,MOVE_RIGHT,MOVED_RIGHT,1
2026-06-12 16:49:40,Patience,0.5026,MOVE_RIGHT,MOVED_RIGHT,1
2026-06-12 16:49:40,Patience,0.5815,MOVE_RIGHT,MOVED_RIGHT,1
2026-06-12 16:49:40,Patience,0.6027,MOVE_RIGHT,MOVED_RIGHT,1
2026-06-12 16:49:40,Patience,0.6252,MOVE_RIGHT,MOVED_RIGHT,1
2026-06-12 16:49:40,Patience,0.5192,MOVE_RIGHT,MOVED_RIGHT,1
2026-06-12 16:49:40,Patience,0.4543,MOVE_RIGHT,MOVED_RIGHT,1
2026-06-12 16:49:41,Patience,0.4325,CENTERED,CENTERED,1
2026-06-12 16:49:41,Patience,0.4787,CENTERED,CENTERED,1
2026-06-12 16:49:41,Patience,0.4797,CENTERED,CENTERED,1
2026-06-12 16:49:41,Patience,0.0000,NO_FACE,OUT_OF_FRAME,0
2026-06-12 16:49:41,Patience,0.0000,NO_FACE,OUT_OF_FRAME,0
2026-06-12 16:49:42,Patience,0.0000,NO_FACE,OUT_OF_FRAME,0
2026-06-12 16:49:42,Patience,0.0000,NO_FACE,OUT_OF_FRAME,0
2026-06-12 16:49:42,Patience,0.0000,NO_FACE,OUT_OF_FRAME,0
2026-06-12 16:49:42,Patience,0.0000,NO_FACE,OUT_OF_FRAME,0
2026-06-12 16:49:42,Patience,0.0000,NO_FACE,OUT_OF_FRAME,0
2026-06-12 16:49:42,Patience,0.0000,NO_FACE,OUT_OF_FRAME,0
2026-06-12 16:49:42,Patience,0.0000,NO_FACE,OUT_OF_FRAME,0
2026-06-12 16:49:43,Patience,0.0000,NO_FACE,OUT_OF_FRAME,0
2026-06-12 16:49:43,Patience,0.0000,NO_FACE,OUT_OF_FRAME,0
2026-06-12 16:49:43,Patience,0.0000,NO_FACE,OUT_OF_FRAME,0
2026-06-12 16:49:43,Patience,0.0000,NO_FACE,OUT_OF_FRAME,0
2026-06-12 16:49:43,Patience,0.0000,NO_FACE,OUT_OF_FRAME,0
2026-06-12 16:49:43,Patience,0.0000,NO_FACE,OUT_OF_FRAME,0
2026-06-12 16:49:43,Patience,0.0000,NO_FACE,OUT_OF_FRAME,0
2026-06-12 16:49:43,Patience,0.0000,NO_FACE,OUT_OF_FRAME,0
2026-06-12 16:49:44,Patience,0.0000,NO_FACE,OUT_OF_FRAME,0
2026-06-12 16:49:44,Patience,0.0000,NO_FACE,OUT_OF_FRAME,0
2026-06-12 16:49:44,Patience,0.0000,NO_FACE,OUT_OF_FRAME,0
2026-06-12 16:49:44,Patience,0.0000,NO_FACE,OUT_OF_FRAME,0
2026-06-12 16:49:44,Patience,0.0000,NO_FACE,OUT_OF_FRAME,0
2026-06-12 16:49:44,Patience,0.0000,NO_FACE,OUT_OF_FRAME,0
2026-06-12 16:49:44,Patience,0.0000,NO_FACE,OUT_OF_FRAME,0
2026-06-12 16:49:44,Patience,0.0000,NO_FACE,OUT_OF_FRAME,0
2026-06-12 16:49:45,Patience,0.0000,NO_FACE,OUT_OF_FRAME,0
2026-06-12 16:49:45,Patience,0.0000,NO_FACE,OUT_OF_FRAME,0
2026-06-12 16:49:45,Patience,0.0000,NO_FACE,OUT_OF_FRAME,0
2026-06-12 16:49:45,Patience,0.0000,NO_FACE,OUT_OF_FRAME,0
2026-06-12 16:49:45,Patience,0.0000,NO_FACE,OUT_OF_FRAME,0
2026-06-12 16:49:45,Patience,0.0000,NO_FACE,OUT_OF_FRAME,0
2026-06-12 16:49:45,Patience,0.0000,NO_FACE,OUT_OF_FRAME,0
2026-06-12 16:49:45,Patience,0.0000,NO_FACE,OUT_OF_FRAME,0
2026-06-12 16:49:46,Patience,0.0000,NO_FACE,OUT_OF_FRAME,0
2026-06-12 16:49:46,Patience,0.0000,NO_FACE,OUT_OF_FRAME,0
2026-06-12 16:49:46,Patience,0.0000,NO_FACE,OUT_OF_FRAME,0
2026-06-12 16:49:46,Patience,0.0000,NO_FACE,OUT_OF_FRAME,0
2026-06-12 16:49:46,Patience,0.0000,NO_FACE,OUT_OF_FRAME,0
2026-06-12 16:49:46,Patience,0.0000,NO_FACE,OUT_OF_FRAME,0
2026-06-12 16:49:46,Patience,0.0000,NO_FACE,OUT_OF_FRAME,0
2026-06-12 16:49:46,Patience,0.0000,NO_FACE,OUT_OF_FRAME,0
2026-06-12 16:49:47,Patience,0.0000,NO_FACE,OUT_OF_FRAME,0
2026-06-12 16:49:47,Patience,0.0000,NO_FACE,OUT_OF_FRAME,0
2026-06-12 16:49:47,Patience,0.0000,NO_FACE,OUT_OF_FRAME,0
2026-06-12 16:49:47,Patience,0.0000,NO_FACE,OUT_OF_FRAME,0
2026-06-12 16:49:47,Patience,0.0000,NO_FACE,OUT_OF_FRAME,0
2026-06-12 16:49:47,Patience,0.0000,NO_FACE,OUT_OF_FRAME,0
2026-06-12 16:49:47,Patience,0.0000,NO_FACE,OUT_OF_FRAME,0
2026-06-12 16:49:47,Patience,0.0000,NO_FACE,OUT_OF_FRAME,0
2026-06-12 16:49:48,Patience,0.0000,NO_FACE,OUT_OF_FRAME,0
2026-06-12 16:49:48,Patience,0.0000,NO_FACE,OUT_OF_FRAME,0
2026-06-12 16:49:48,Patience,0.0000,NO_FACE,OUT_OF_FRAME,0
2026-06-12 16:49:48,Patience,0.0000,NO_FACE,OUT_OF_FRAME,0
2026-06-12 16:49:48,Patience,0.0000,NO_FACE,OUT_OF_FRAME,0
2026-06-12 16:49:48,Patience,0.0000,NO_FACE,OUT_OF_FRAME,0
2026-06-12 16:49:48,Patience,0.0000,NO_FACE,OUT_OF_FRAME,0
2026-06-12 16:49:48,Patience,0.0000,NO_FACE,OUT_OF_FRAME,0
2026-06-12 16:49:49,Patience,0.0000,NO_FACE,OUT_OF_FRAME,0
2026-06-12 16:49:49,Patience,0.0000,NO_FACE,OUT_OF_FRAME,0
2026-06-12 16:49:49,Patience,0.0000,NO_FACE,OUT_OF_FRAME,0
2026-06-12 16:49:49,Patience,0.0000,NO_FACE,OUT_OF_FRAME,0
2026-06-12 16:49:49,Patience,0.0000,NO_FACE,OUT_OF_FRAME,0
2026-06-12 16:49:49,Patience,0.0000,NO_FACE,OUT_OF_FRAME,0
2026-06-12 16:49:49,Patience,0.0000,NO_FACE,OUT_OF_FRAME,0
2026-06-12 16:49:49,Patience,0.0000,NO_FACE,OUT_OF_FRAME,0
2026-06-12 16:49:50,Patience,0.0000,NO_FACE,OUT_OF_FRAME,0
2026-06-12 16:49:50,Patience,0.0000,NO_FACE,OUT_OF_FRAME,0
2026-06-12 16:49:50,Patience,0.0000,NO_FACE,OUT_OF_FRAME,0
2026-06-12 16:49:50,Patience,0.0000,NO_FACE,OUT_OF_FRAME,0
2026-06-12 16:49:50,Patience,0.0000,NO_FACE,OUT_OF_FRAME,0
2026-06-12 16:49:50,Patience,0.0000,NO_FACE,OUT_OF_FRAME,0
2026-06-12 16:49:50,Patience,0.0000,NO_FACE,OUT_OF_FRAME,0
2026-06-12 16:49:50,Patience,0.0000,NO_FACE,OUT_OF_FRAME,0
2026-06-12 16:49:51,Patience,0.0000,NO_FACE,OUT_OF_FRAME,0
2026-06-12 16:49:51,Patience,0.0000,NO_FACE,OUT_OF_FRAME,0
2026-06-12 16:49:51,Patience,0.0000,NO_FACE,OUT_OF_FRAME,0
2026-06-12 16:49:51,Patience,0.0000,NO_FACE,OUT_OF_FRAME,0
2026-06-12 16:49:51,Patience,0.0000,NO_FACE,OUT_OF_FRAME,0
2026-06-12 16:49:51,Patience,0.0000,NO_FACE,OUT_OF_FRAME,0
2026-06-12 16:49:51,Patience,0.0000,NO_FACE,OUT_OF_FRAME,0
2026-06-12 16:49:51,Patience,0.0000,NO_FACE,OUT_OF_FRAME,0
2026-06-12 16:49:52,Patience,0.0000,NO_FACE,OUT_OF_FRAME,0
2026-06-12 16:49:52,Patience,0.0000,NO_FACE,OUT_OF_FRAME,0
2026-06-12 16:49:52,Patience,0.0000,NO_FACE,OUT_OF_FRAME,0
2026-06-12 16:49:52,Patience,0.0000,NO_FACE,OUT_OF_FRAME,0
2026-06-12 16:49:52,Patience,0.0000,NO_FACE,OUT_OF_FRAME,0
2026-06-12 16:49:52,Patience,0.0000,NO_FACE,OUT_OF_FRAME,0
2026-06-12 16:49:52,Patience,0.0000,NO_FACE,OUT_OF_FRAME,0
2026-06-12 16:49:52,Patience,0.0000,NO_FACE,OUT_OF_FRAME,0
2026-06-12 16:49:53,Patience,0.0000,NO_FACE,OUT_OF_FRAME,0
2026-06-12 16:49:53,Patience,0.0000,NO_FACE,OUT_OF_FRAME,0
2026-06-12 16:49:53,Patience,0.0000,NO_FACE,OUT_OF_FRAME,0
2026-06-12 16:49:53,Patience,0.0000,NO_FACE,OUT_OF_FRAME,0
2026-06-12 16:49:53,Patience,0.0000,NO_FACE,OUT_OF_FRAME,0
2026-06-12 16:49:53,Patience,0.0000,NO_FACE,OUT_OF_FRAME,0
2026-06-12 16:49:53,Patience,0.0000,NO_FACE,OUT_OF_FRAME,0
2026-06-12 16:49:53,Patience,0.0000,NO_FACE,OUT_OF_FRAME,0
2026-06-12 16:49:54,Patience,0.0000,NO_FACE,OUT_OF_FRAME,0
2026-06-12 16:49:54,Patience,0.0000,NO_FACE,OUT_OF_FRAME,0
2026-06-12 16:49:54,Patience,0.0000,NO_FACE,OUT_OF_FRAME,0
2026-06-12 16:49:54,Patience,0.0000,NO_FACE,OUT_OF_FRAME,0
2026-06-12 16:49:54,Patience,0.0000,NO_FACE,OUT_OF_FRAME,0
2026-06-12 16:49:54,Patience,0.0000,NO_FACE,OUT_OF_FRAME,0
2026-06-12 16:49:54,Patience,0.0000,NO_FACE,OUT_OF_FRAME,0
2026-06-12 16:49:54,Patience,0.0000,NO_FACE,OUT_OF_FRAME,0
2026-06-12 16:49:55,Patience,0.0000,NO_FACE,OUT_OF_FRAME,0
2026-06-12 16:49:55,Patience,0.0000,NO_FACE,OUT_OF_FRAME,0
2026-06-12 16:49:55,Patience,0.0000,NO_FACE,OUT_OF_FRAME,0
2026-06-12 16:49:55,Patience,0.0000,NO_FACE,OUT_OF_FRAME,0
2026-06-12 16:49:55,Patience,0.0000,NO_FACE,OUT_OF_FRAME,0
2026-06-12 16:49:55,Patience,0.0000,NO_FACE,OUT_OF_FRAME,0
2026-06-12 16:49:55,Patience,0.0000,NO_FACE,OUT_OF_FRAME,0
2026-06-12 16:49:55,Patience,0.0000,NO_FACE,OUT_OF_FRAME,0
2026-06-12 16:49:56,Patience,0.0000,NO_FACE,OUT_OF_FRAME,0
2026-06-12 16:49:56,Patience,0.0000,NO_FACE,OUT_OF_FRAME,0
2026-06-12 16:49:56,Patience,0.0000,NO_FACE,OUT_OF_FRAME,0
2026-06-12 16:49:56,Patience,0.0000,NO_FACE,OUT_OF_FRAME,0
2026-06-12 16:49:56,Patience,0.0000,NO_FACE,OUT_OF_FRAME,0
2026-06-12 16:49:56,Patience,0.0000,NO_FACE,OUT_OF_FRAME,0
2026-06-12 16:49:56,Patience,0.0000,NO_FACE,OUT_OF_FRAME,0
2026-06-12 16:49:56,Patience,0.0000,NO_FACE,OUT_OF_FRAME,0
2026-06-12 16:49:57,Patience,0.0000,NO_FACE,OUT_OF_FRAME,0
2026-06-12 16:49:57,Patience,0.0000,NO_FACE,OUT_OF_FRAME,0
2026-06-12 16:49:57,Patience,0.0000,NO_FACE,OUT_OF_FRAME,0
2026-06-12 16:49:57,Patience,0.0000,NO_FACE,OUT_OF_FRAME,0
2026-06-12 16:49:57,Patience,0.0000,NO_FACE,OUT_OF_FRAME,0
2026-06-12 16:49:57,Patience,0.0000,NO_FACE,OUT_OF_FRAME,0
2026-06-12 16:49:57,Patience,0.0000,NO_FACE,OUT_OF_FRAME,0
2026-06-12 16:49:57,Patience,0.0000,NO_FACE,OUT_OF_FRAME,0
2026-06-12 16:49:57,Patience,0.0000,NO_FACE,OUT_OF_FRAME,0
2026-06-12 16:49:58,Patience,0.0000,NO_FACE,OUT_OF_FRAME,0
2026-06-12 16:49:58,Patience,0.0000,NO_FACE,OUT_OF_FRAME,0
2026-06-12 16:49:58,Patience,0.0000,NO_FACE,OUT_OF_FRAME,0
2026-06-12 16:49:58,Patience,0.0000,NO_FACE,OUT_OF_FRAME,0
2026-06-12 16:49:58,Patience,0.0000,NO_FACE,OUT_OF_FRAME,0
2026-06-12 16:49:58,Patience,0.0000,NO_FACE,OUT_OF_FRAME,0
2026-06-12 16:49:58,Patience,0.0000,NO_FACE,OUT_OF_FRAME,0
2026-06-12 16:49:58,Patience,0.0000,NO_FACE,OUT_OF_FRAME,0
2026-06-12 16:49:59,Patience,0.0000,NO_FACE,OUT_OF_FRAME,0
2026-06-12 16:49:59,Patience,0.0000,NO_FACE,OUT_OF_FRAME,0
2026-06-12 16:49:59,Patience,0.0000,NO_FACE,OUT_OF_FRAME,0
2026-06-12 16:49:59,Patience,0.0000,NO_FACE,OUT_OF_FRAME,0
2026-06-12 16:49:59,Patience,0.0000,NO_FACE,OUT_OF_FRAME,0
2026-06-12 16:49:59,Patience,0.0000,NO_FACE,OUT_OF_FRAME,0
2026-06-12 16:49:59,Patience,0.0000,NO_FACE,OUT_OF_FRAME,0
2026-06-12 16:50:00,Patience,0.0000,NO_FACE,OUT_OF_FRAME,0
2026-06-12 16:50:00,Patience,0.0000,NO_FACE,OUT_OF_FRAME,0
2026-06-12 16:50:00,Patience,0.0000,NO_FACE,OUT_OF_FRAME,0
2026-06-12 16:50:00,Patience,0.0000,NO_FACE,OUT_OF_FRAME,0
2026-06-12 16:50:00,Patience,0.0000,NO_FACE,OUT_OF_FRAME,0
2026-06-12 16:50:01,Patience,0.0000,NO_FACE,OUT_OF_FRAME,0
2026-06-12 16:50:01,Patience,0.0000,NO_FACE,OUT_OF_FRAME,0
2026-06-12 16:50:01,Patience,0.0000,NO_FACE,OUT_OF_FRAME,0
2026-06-12 16:50:02,Patience,0.0000,NO_FACE,OUT_OF_FRAME,0
2026-06-12 16:50:03,Patience,0.0000,NO_FACE,OUT_OF_FRAME,0
2026-06-12 16:50:03,Patience,0.0000,NO_FACE,OUT_OF_FRAME,0
2026-06-12 16:50:03,Patience,0.0000,NO_FACE,OUT_OF_FRAME,0
2026-06-12 16:50:03,Patience,0.0000,NO_FACE,OUT_OF_FRAME,0
2026-06-12 16:50:03,Patience,0.0000,NO_FACE,OUT_OF_FRAME,0
2026-06-12 16:50:04,Patience,0.0000,NO_FACE,OUT_OF_FRAME,0
2026-06-12 16:50:04,Patience,0.0000,NO_FACE,OUT_OF_FRAME,0
2026-06-12 16:50:04,Patience,0.0000,NO_FACE,OUT_OF_FRAME,0
2026-06-12 16:50:04,Patience,0.0000,NO_FACE,OUT_OF_FRAME,0
2026-06-12 16:50:04,Patience,0.0000,NO_FACE,OUT_OF_FRAME,0
2026-06-12 16:50:05,Patience,0.0000,NO_FACE,OUT_OF_FRAME,0
2026-06-12 16:50:05,Patience,0.0000,NO_FACE,OUT_OF_FRAME,0
2026-06-12 16:50:05,Patience,0.0000,NO_FACE,OUT_OF_FRAME,0
2026-06-12 16:50:05,Patience,0.0000,NO_FACE,OUT_OF_FRAME,0
2026-06-12 16:50:05,Patience,0.0000,NO_FACE,OUT_OF_FRAME,0
2026-06-12 16:50:06,Patience,0.0000,NO_FACE,OUT_OF_FRAME,0
2026-06-12 16:50:06,Patience,0.0000,NO_FACE,OUT_OF_FRAME,0
2026-06-12 16:50:06,Patience,0.0000,NO_FACE,OUT_OF_FRAME,0
2026-06-12 16:50:06,Patience,0.0000,NO_FACE,OUT_OF_FRAME,0
2026-06-12 16:50:06,Patience,0.0000,NO_FACE,OUT_OF_FRAME,0
2026-06-12 16:50:06,Patience,0.0000,NO_FACE,OUT_OF_FRAME,0
2026-06-12 16:50:07,Patience,0.0000,NO_FACE,OUT_OF_FRAME,0
2026-06-12 16:50:07,Patience,0.0000,NO_FACE,OUT_OF_FRAME,0
2026-06-12 16:50:07,Patience,0.0000,NO_FACE,OUT_OF_FRAME,0
2026-06-12 16:50:07,Patience,0.0000,NO_FACE,OUT_OF_FRAME,0
2026-06-12 16:50:07,Patience,0.0000,NO_FACE,OUT_OF_FRAME,0
2026-06-12 16:50:07,Patience,0.0000,NO_FACE,OUT_OF_FRAME,0
2026-06-12 16:50:07,Patience,0.0000,NO_FACE,OUT_OF_FRAME,0
2026-06-12 16:50:07,Patience,0.0000,NO_FACE,OUT_OF_FRAME,0
2026-06-12 16:50:08,Patience,0.0000,NO_FACE,OUT_OF_FRAME,0
2026-06-12 16:50:08,Patience,0.0000,NO_FACE,OUT_OF_FRAME,0
2026-06-12 16:50:08,Patience,0.0000,NO_FACE,OUT_OF_FRAME,0
2026-06-12 16:50:08,Patience,0.0000,NO_FACE,OUT_OF_FRAME,0
2026-06-12 16:50:08,Patience,0.0000,NO_FACE,OUT_OF_FRAME,0
2026-06-12 16:50:08,Patience,0.0000,NO_FACE,OUT_OF_FRAME,0
2026-06-12 16:50:08,Patience,0.0000,NO_FACE,OUT_OF_FRAME,0
2026-06-12 16:50:08,Patience,0.0000,NO_FACE,OUT_OF_FRAME,0
2026-06-12 16:50:09,Patience,0.0000,NO_FACE,OUT_OF_FRAME,0
2026-06-12 16:50:09,Patience,0.0000,NO_FACE,OUT_OF_FRAME,0
2026-06-12 16:50:09,Patience,0.0000,NO_FACE,OUT_OF_FRAME,0
2026-06-12 16:50:09,Patience,0.0000,NO_FACE,OUT_OF_FRAME,0
2026-06-12 16:50:09,Patience,0.0000,NO_FACE,OUT_OF_FRAME,0
2026-06-12 16:50:09,Patience,0.0000,NO_FACE,OUT_OF_FRAME,0
2026-06-12 16:50:09,Patience,0.0000,NO_FACE,OUT_OF_FRAME,0
2026-06-12 16:50:09,Patience,0.0000,NO_FACE,OUT_OF_FRAME,0
2026-06-12 16:50:10,Patience,0.0000,NO_FACE,OUT_OF_FRAME,0
2026-06-12 16:50:10,Patience,0.0000,NO_FACE,OUT_OF_FRAME,0
2026-06-12 16:50:10,Patience,0.0000,NO_FACE,OUT_OF_FRAME,0
2026-06-12 16:50:10,Patience,0.0000,NO_FACE,OUT_OF_FRAME,0
2026-06-12 16:50:10,Patience,0.0000,NO_FACE,OUT_OF_FRAME,0
2026-06-12 16:50:10,Patience,0.0000,NO_FACE,OUT_OF_FRAME,0
2026-06-12 16:50:10,Patience,0.0000,NO_FACE,OUT_OF_FRAME,0
2026-06-12 16:50:10,Patience,0.0000,NO_FACE,OUT_OF_FRAME,0
2026-06-12 16:50:11,Patience,0.0000,NO_FACE,OUT_OF_FRAME,0
2026-06-12 16:50:11,Patience,0.0000,NO_FACE,OUT_OF_FRAME,0
2026-06-12 16:50:11,Patience,0.0000,NO_FACE,OUT_OF_FRAME,0
2026-06-12 16:50:11,Patience,0.0000,NO_FACE,OUT_OF_FRAME,0
2026-06-12 16:50:11,Patience,0.0000,NO_FACE,OUT_OF_FRAME,0
2026-06-12 16:50:11,Patience,0.0000,NO_FACE,OUT_OF_FRAME,0
2026-06-12 16:50:11,Patience,0.0000,NO_FACE,OUT_OF_FRAME,0
2026-06-12 16:50:11,Patience,0.0000,NO_FACE,OUT_OF_FRAME,0
2026-06-12 16:50:12,Patience,0.0000,NO_FACE,OUT_OF_FRAME,0
2026-06-12 16:50:12,Patience,0.0000,NO_FACE,OUT_OF_FRAME,0
2026-06-12 16:50:12,Patience,0.0000,NO_FACE,OUT_OF_FRAME,0
2026-06-12 16:50:12,Patience,0.0000,NO_FACE,OUT_OF_FRAME,0
2026-06-12 16:50:12,Patience,0.0000,NO_FACE,OUT_OF_FRAME,0
2026-06-12 16:50:12,Patience,0.0000,NO_FACE,OUT_OF_FRAME,0
2026-06-12 16:50:12,Patience,0.0000,NO_FACE,OUT_OF_FRAME,0
2026-06-12 16:50:12,Patience,0.0000,NO_FACE,OUT_OF_FRAME,0
2026-06-12 16:50:13,Patience,0.0000,NO_FACE,OUT_OF_FRAME,0
2026-06-12 16:50:13,Patience,0.0000,NO_FACE,OUT_OF_FRAME,0
2026-06-12 16:50:13,Patience,0.0000,NO_FACE,OUT_OF_FRAME,0
2026-06-12 16:50:13,Patience,0.0000,NO_FACE,OUT_OF_FRAME,0
2026-06-12 16:50:13,Patience,0.0000,NO_FACE,OUT_OF_FRAME,0
2026-06-12 16:50:13,Patience,0.0000,NO_FACE,OUT_OF_FRAME,0
2026-06-12 16:50:13,Patience,0.0000,NO_FACE,OUT_OF_FRAME,0
2026-06-12 16:50:13,Patience,0.0000,NO_FACE,OUT_OF_FRAME,0
2026-06-12 16:50:14,Patience,0.0000,NO_FACE,OUT_OF_FRAME,0
2026-06-12 16:50:14,Patience,0.0000,NO_FACE,OUT_OF_FRAME,0
2026-06-12 16:50:15,Patience,0.0000,NO_FACE,OUT_OF_FRAME,0
2026-06-12 16:50:15,Patience,0.0000,NO_FACE,OUT_OF_FRAME,0
2026-06-12 16:50:15,Patience,0.0000,NO_FACE,OUT_OF_FRAME,0
2026-06-12 16:50:15,Patience,0.0000,NO_FACE,OUT_OF_FRAME,0
2026-06-12 16:50:15,Patience,0.0000,NO_FACE,OUT_OF_FRAME,0
2026-06-12 16:50:15,Patience,0.0000,NO_FACE,OUT_OF_FRAME,0
2026-06-12 16:50:15,Patience,0.0000,NO_FACE,OUT_OF_FRAME,0
2026-06-12 16:50:16,Patience,0.0000,NO_FACE,OUT_OF_FRAME,0
2026-06-12 16:50:16,Patience,0.0000,NO_FACE,OUT_OF_FRAME,0
2026-06-12 16:50:16,Patience,0.0000,NO_FACE,OUT_OF_FRAME,0
2026-06-12 16:50:16,Patience,0.0000,NO_FACE,OUT_OF_FRAME,0
2026-06-12 16:50:16,Patience,0.0000,NO_FACE,OUT_OF_FRAME,0
2026-06-12 16:50:16,Patience,0.0000,NO_FACE,OUT_OF_FRAME,0
2026-06-12 16:50:16,Patience,0.0000,NO_FACE,OUT_OF_FRAME,0
2026-06-12 16:50:16,Patience,0.0000,NO_FACE,OUT_OF_FRAME,0
2026-06-12 16:50:17,Patience,0.0000,NO_FACE,OUT_OF_FRAME,0
2026-06-12 16:50:17,Patience,0.0000,NO_FACE,OUT_OF_FRAME,0
2026-06-12 16:50:17,Patience,0.0000,NO_FACE,OUT_OF_FRAME,0
2026-06-12 16:50:17,Patience,0.0000,NO_FACE,OUT_OF_FRAME,0
2026-06-12 16:50:17,Patience,0.0000,NO_FACE,OUT_OF_FRAME,0
2026-06-12 16:50:17,Patience,0.0000,NO_FACE,OUT_OF_FRAME,0
2026-06-12 16:50:17,Patience,0.0000,NO_FACE,OUT_OF_FRAME,0
2026-06-12 16:50:17,Patience,0.0000,NO_FACE,OUT_OF_FRAME,0
2026-06-12 16:50:18,Patience,0.0000,NO_FACE,OUT_OF_FRAME,0
2026-06-12 16:50:18,Patience,0.0000,NO_FACE,OUT_OF_FRAME,0
2026-06-12 16:50:18,Patience,0.0000,NO_FACE,OUT_OF_FRAME,0
2026-06-12 16:50:18,Patience,0.0000,NO_FACE,OUT_OF_FRAME,0
2026-06-12 16:50:18,Patience,0.0000,NO_FACE,OUT_OF_FRAME,0
2026-06-12 16:50:18,Patience,0.0000,NO_FACE,OUT_OF_FRAME,0
2026-06-12 16:50:18,Patience,0.0000,NO_FACE,OUT_OF_FRAME,0
2026-06-12 16:50:18,Patience,0.0000,NO_FACE,OUT_OF_FRAME,0
2026-06-12 16:50:19,Patience,0.0000,NO_FACE,OUT_OF_FRAME,0
2026-06-12 16:50:19,Patience,0.0000,NO_FACE,OUT_OF_FRAME,0
2026-06-12 16:50:19,Patience,0.0000,NO_FACE,OUT_OF_FRAME,0
2026-06-12 16:50:19,Patience,0.0000,NO_FACE,OUT_OF_FRAME,0
2026-06-12 16:50:19,Patience,0.0000,NO_FACE,OUT_OF_FRAME,0
2026-06-12 16:50:19,Patience,0.0000,NO_FACE,OUT_OF_FRAME,0
2026-06-12 16:50:19,Patience,0.0000,NO_FACE,OUT_OF_FRAME,0
2026-06-12 16:50:19,Patience,0.0000,NO_FACE,OUT_OF_FRAME,0
2026-06-12 16:50:20,Patience,0.0000,NO_FACE,OUT_OF_FRAME,0
2026-06-12 16:50:20,Patience,0.0000,NO_FACE,OUT_OF_FRAME,0
2026-06-12 16:50:20,Patience,0.0000,NO_FACE,OUT_OF_FRAME,0
2026-06-12 16:50:20,Patience,0.0000,NO_FACE,OUT_OF_FRAME,0
2026-06-12 16:50:20,Patience,0.0000,NO_FACE,OUT_OF_FRAME,0
2026-06-12 16:50:20,Patience,0.0000,NO_FACE,OUT_OF_FRAME,0
2026-06-12 16:50:20,Patience,0.0000,NO_FACE,OUT_OF_FRAME,0
2026-06-12 16:50:20,Patience,0.0000,NO_FACE,OUT_OF_FRAME,0
2026-06-12 16:50:21,Patience,0.0000,NO_FACE,OUT_OF_FRAME,0
2026-06-12 16:50:21,Patience,0.0000,NO_FACE,OUT_OF_FRAME,0
2026-06-12 16:50:21,Patience,0.0000,NO_FACE,OUT_OF_FRAME,0
2026-06-12 16:50:21,Patience,0.0000,NO_FACE,OUT_OF_FRAME,0
2026-06-12 16:50:21,Patience,0.0000,NO_FACE,OUT_OF_FRAME,0
2026-06-12 16:50:21,Patience,0.0000,NO_FACE,OUT_OF_FRAME,0
2026-06-12 16:50:21,Patience,0.0000,NO_FACE,OUT_OF_FRAME,0
2026-06-12 16:50:21,Patience,0.0000,NO_FACE,OUT_OF_FRAME,0
2026-06-12 16:50:22,Patience,0.0000,NO_FACE,OUT_OF_FRAME,0
2026-06-12 16:50:22,Patience,0.0000,NO_FACE,OUT_OF_FRAME,0
2026-06-12 16:50:22,Patience,0.0000,NO_FACE,OUT_OF_FRAME,0
2026-06-12 16:50:22,Patience,0.0000,NO_FACE,OUT_OF_FRAME,0
2026-06-12 16:50:22,Patience,0.0000,NO_FACE,OUT_OF_FRAME,0
2026-06-12 16:50:22,Patience,0.0000,NO_FACE,OUT_OF_FRAME,0
2026-06-12 16:50:22,Patience,0.0000,NO_FACE,OUT_OF_FRAME,0
2026-06-12 16:50:22,Patience,0.0000,NO_FACE,OUT_OF_FRAME,0
2026-06-12 16:50:23,Patience,0.0000,NO_FACE,OUT_OF_FRAME,0
2026-06-12 16:50:23,Patience,0.0000,NO_FACE,OUT_OF_FRAME,0
2026-06-12 16:50:23,Patience,0.0000,NO_FACE,OUT_OF_FRAME,0
2026-06-12 16:50:23,Patience,0.0000,NO_FACE,OUT_OF_FRAME,0
2026-06-12 16:50:23,Patience,0.0000,NO_FACE,OUT_OF_FRAME,0
2026-06-12 16:50:23,Patience,0.0000,NO_FACE,OUT_OF_FRAME,0
2026-06-12 16:50:23,Patience,0.0000,NO_FACE,OUT_OF_FRAME,0
2026-06-12 16:50:23,Patience,0.0000,NO_FACE,OUT_OF_FRAME,0
2026-06-12 16:50:24,Patience,0.0000,NO_FACE,OUT_OF_FRAME,0
2026-06-12 16:50:24,Patience,0.0000,NO_FACE,OUT_OF_FRAME,0
2026-06-12 16:50:24,Patience,0.0000,NO_FACE,OUT_OF_FRAME,0
2026-06-12 16:50:24,Patience,0.0000,NO_FACE,OUT_OF_FRAME,0
2026-06-12 16:50:24,Patience,0.0000,NO_FACE,OUT_OF_FRAME,0
2026-06-12 16:50:24,Patience,0.0000,NO_FACE,OUT_OF_FRAME,0
2026-06-12 16:50:24,Patience,0.0000,NO_FACE,OUT_OF_FRAME,0
2026-06-12 16:50:24,Patience,0.0000,NO_FACE,OUT_OF_FRAME,0
2026-06-12 16:50:24,Patience,0.0000,NO_FACE,OUT_OF_FRAME,0
2026-06-12 16:50:25,Patience,0.0000,NO_FACE,OUT_OF_FRAME,0
2026-06-12 16:50:25,Patience,0.0000,NO_FACE,OUT_OF_FRAME,0
2026-06-12 16:50:25,Patience,0.0000,NO_FACE,OUT_OF_FRAME,0
2026-06-12 16:50:25,Patience,0.0000,NO_FACE,OUT_OF_FRAME,0
2026-06-12 16:50:25,Patience,0.0000,NO_FACE,OUT_OF_FRAME,0
2026-06-12 16:50:25,Patience,0.0000,NO_FACE,OUT_OF_FRAME,0
2026-06-12 16:50:25,Patience,0.0000,NO_FACE,OUT_OF_FRAME,0
2026-06-12 16:50:26,Patience,0.0000,NO_FACE,OUT_OF_FRAME,0
2026-06-12 16:50:26,Patience,0.0000,NO_FACE,OUT_OF_FRAME,0
2026-06-12 16:50:26,Patience,0.0000,NO_FACE,OUT_OF_FRAME,0
2026-06-12 16:50:26,Patience,0.0000,NO_FACE,OUT_OF_FRAME,0
2026-06-12 16:50:26,Patience,0.0000,NO_FACE,OUT_OF_FRAME,0
2026-06-12 16:50:26,Patience,0.0000,NO_FACE,OUT_OF_FRAME,0
2026-06-12 16:50:26,Patience,0.0000,NO_FACE,OUT_OF_FRAME,0
2026-06-12 16:50:26,Patience,0.0000,NO_FACE,OUT_OF_FRAME,0
2026-06-12 16:50:27,Patience,0.0000,NO_FACE,OUT_OF_FRAME,0
2026-06-12 16:50:27,Patience,0.0000,NO_FACE,OUT_OF_FRAME,0
2026-06-12 16:50:27,Patience,0.0000,NO_FACE,OUT_OF_FRAME,0
2026-06-12 16:50:27,Patience,0.0000,NO_FACE,OUT_OF_FRAME,0
2026-06-12 16:50:27,Patience,0.0000,NO_FACE,OUT_OF_FRAME,0
2026-06-12 16:50:27,Patience,0.0000,NO_FACE,OUT_OF_FRAME,0
2026-06-12 16:50:27,Patience,0.0000,NO_FACE,OUT_OF_FRAME,0
2026-06-12 16:50:27,Patience,0.0000,NO_FACE,OUT_OF_FRAME,0
2026-06-12 16:50:28,Patience,0.0000,NO_FACE,OUT_OF_FRAME,0
2026-06-12 16:50:28,Patience,0.0000,NO_FACE,OUT_OF_FRAME,0
2026-06-12 16:50:28,Patience,0.0000,NO_FACE,OUT_OF_FRAME,0
2026-06-12 16:50:28,Patience,0.0000,NO_FACE,OUT_OF_FRAME,0
2026-06-12 16:50:28,Patience,0.0000,NO_FACE,OUT_OF_FRAME,0
2026-06-12 16:50:28,Patience,0.0000,NO_FACE,OUT_OF_FRAME,0
2026-06-12 16:50:28,Patience,0.0000,NO_FACE,OUT_OF_FRAME,0
2026-06-12 16:50:28,Patience,0.0000,NO_FACE,OUT_OF_FRAME,0
2026-06-12 16:50:29,Patience,0.0000,NO_FACE,OUT_OF_FRAME,0
2026-06-12 16:50:29,Patience,0.0000,NO_FACE,OUT_OF_FRAME,0
2026-06-12 16:50:29,Patience,0.0000,NO_FACE,OUT_OF_FRAME,0
2026-06-12 16:50:29,Patience,0.0000,NO_FACE,OUT_OF_FRAME,0
2026-06-12 16:50:29,Patience,0.0000,NO_FACE,OUT_OF_FRAME,0
2026-06-12 16:50:29,Patience,0.0000,NO_FACE,OUT_OF_FRAME,0
2026-06-12 16:50:29,Patience,0.0000,NO_FACE,OUT_OF_FRAME,0
2026-06-12 16:50:29,Patience,0.0000,NO_FACE,OUT_OF_FRAME,0
2026-06-12 16:50:29,Patience,0.0000,NO_FACE,OUT_OF_FRAME,0
2026-06-12 16:50:30,Patience,0.0000,NO_FACE,OUT_OF_FRAME,0
2026-06-12 16:50:30,Patience,0.0000,NO_FACE,OUT_OF_FRAME,0
2026-06-12 16:50:30,Patience,0.0000,NO_FACE,OUT_OF_FRAME,0
2026-06-12 16:50:30,Patience,0.0000,NO_FACE,OUT_OF_FRAME,0
2026-06-12 16:50:31,Patience,0.0000,NO_FACE,OUT_OF_FRAME,0
2026-06-12 16:50:31,Patience,0.5356,MOVE_RIGHT,MOVED_RIGHT,1
2026-06-12 16:50:31,Patience,0.0000,NO_FACE,OUT_OF_FRAME,0
2026-06-12 16:50:32,Patience,0.0000,NO_FACE,OUT_OF_FRAME,0
2026-06-12 16:50:32,Patience,0.0000,NO_FACE,OUT_OF_FRAME,0
2026-06-12 16:50:32,Patience,0.0000,NO_FACE,OUT_OF_FRAME,0
2026-06-12 16:50:32,Patience,0.0000,NO_FACE,OUT_OF_FRAME,0
2026-06-12 16:50:32,Patience,0.0000,NO_FACE,OUT_OF_FRAME,0
2026-06-12 16:50:32,Patience,0.0000,NO_FACE,OUT_OF_FRAME,0
2026-06-12 16:50:33,Patience,0.0000,NO_FACE,OUT_OF_FRAME,0
2026-06-12 16:50:33,Patience,0.0000,NO_FACE,OUT_OF_FRAME,0
2026-06-12 16:50:33,Patience,0.0000,NO_FACE,OUT_OF_FRAME,0
2026-06-12 16:50:33,Patience,0.0000,NO_FACE,OUT_OF_FRAME,0
2026-06-12 16:50:33,Patience,0.4948,MOVE_RIGHT,MOVED_RIGHT,1
2026-06-12 16:50:33,Patience,0.5390,MOVE_RIGHT,MOVED_RIGHT,1
2026-06-12 16:50:33,Patience,0.5859,MOVE_RIGHT,MOVED_RIGHT,1
2026-06-12 16:50:33,Patience,0.5500,MOVE_RIGHT,MOVED_RIGHT,1
2026-06-12 16:50:34,Patience,0.7553,MOVE_RIGHT,MOVED_RIGHT,1
2026-06-12 16:50:34,Patience,0.7334,MOVE_RIGHT,MOVED_RIGHT,1
2026-06-12 16:50:34,Patience,0.7521,MOVE_RIGHT,MOVED_RIGHT,1
2026-06-12 16:50:34,Patience,0.7570,MOVE_RIGHT,MOVED_RIGHT,1
2026-06-12 16:50:34,Patience,0.7495,MOVE_RIGHT,MOVED_RIGHT,1
2026-06-12 16:50:34,Patience,0.7450,MOVE_RIGHT,MOVED_RIGHT,1
2026-06-12 16:50:35,Patience,0.7556,MOVE_RIGHT,MOVED_RIGHT,1
2026-06-12 16:50:35,Patience,0.7391,MOVE_RIGHT,MOVED_RIGHT,1
2026-06-12 16:50:35,Patience,0.7579,MOVE_RIGHT,MOVED_RIGHT,1
2026-06-12 16:50:35,Patience,0.7644,MOVE_RIGHT,MOVED_RIGHT,1
2026-06-12 16:50:36,Patience,0.7615,MOVE_RIGHT,MOVED_RIGHT,1
2026-06-12 16:50:36,Patience,0.7614,MOVE_RIGHT,MOVED_RIGHT,1
2026-06-12 16:50:36,Patience,0.7419,MOVE_RIGHT,MOVED_RIGHT,1
2026-06-12 16:50:36,Patience,0.7609,MOVE_RIGHT,MOVED_RIGHT,1
2026-06-12 16:50:36,Patience,0.7516,MOVE_RIGHT,MOVED_RIGHT,1
2026-06-12 16:50:37,Patience,0.7498,MOVE_RIGHT,MOVED_RIGHT,1
2026-06-12 16:50:37,Patience,0.7540,MOVE_RIGHT,MOVED_RIGHT,1
2026-06-12 16:50:37,Patience,0.7624,MOVE_RIGHT,MOVED_RIGHT,1
2026-06-12 16:50:37,Patience,0.7640,MOVE_RIGHT,MOVED_RIGHT,1
2026-06-12 16:50:37,Patience,0.7653,MOVE_RIGHT,MOVED_RIGHT,1
2026-06-12 16:50:38,Patience,0.7551,MOVE_RIGHT,MOVED_RIGHT,1
2026-06-12 16:50:38,Patience,0.7510,MOVE_RIGHT,MOVED_RIGHT,1
2026-06-12 16:50:38,Patience,0.7612,MOVE_RIGHT,MOVED_RIGHT,1
2026-06-12 16:50:38,Patience,0.7550,MOVE_RIGHT,MOVED_RIGHT,1
2026-06-12 16:50:38,Patience,0.7521,MOVE_RIGHT,MOVED_RIGHT,1
2026-06-12 16:50:39,Patience,0.7533,MOVE_RIGHT,MOVED_RIGHT,1
2026-06-12 16:50:39,Patience,0.7533,MOVE_RIGHT,MOVED_RIGHT,1
2026-06-12 16:50:39,Patience,0.7409,MOVE_RIGHT,MOVED_RIGHT,1
2026-06-12 16:50:39,Patience,0.7576,MOVE_RIGHT,MOVED_RIGHT,1
2026-06-12 16:50:40,Patience,0.7606,MOVE_RIGHT,MOVED_RIGHT,1
2026-06-12 16:50:40,Patience,0.7492,MOVE_RIGHT,MOVED_RIGHT,1
2026-06-12 16:50:40,Patience,0.7350,MOVE_RIGHT,MOVED_RIGHT,1
2026-06-12 16:50:40,Patience,0.7346,MOVE_RIGHT,MOVED_RIGHT,1
2026-06-12 16:50:40,Patience,0.7085,MOVE_RIGHT,MOVED_RIGHT,1
2026-06-12 16:50:41,Patience,0.6963,MOVE_RIGHT,MOVED_RIGHT,1
2026-06-12 16:50:41,Patience,0.6738,MOVE_RIGHT,MOVED_RIGHT,1
2026-06-12 16:50:41,Patience,0.6860,MOVE_RIGHT,MOVED_RIGHT,1
2026-06-12 16:50:41,Patience,0.6491,MOVE_RIGHT,MOVED_RIGHT,1
2026-06-12 16:50:41,Patience,0.6063,MOVE_RIGHT,MOVED_RIGHT,1
2026-06-12 16:50:42,Patience,0.5833,MOVE_RIGHT,MOVED_RIGHT,1
2026-06-12 16:50:42,Patience,0.5057,MOVE_RIGHT,MOVED_RIGHT,1
2026-06-12 16:50:42,Patience,0.5191,MOVE_RIGHT,MOVED_RIGHT,1
2026-06-12 16:50:42,Patience,0.5646,MOVE_RIGHT,MOVED_RIGHT,1
2026-06-12 16:50:42,Patience,0.4599,MOVE_RIGHT,MOVED_RIGHT,1
2026-06-12 16:50:43,Patience,0.4346,MOVE_RIGHT,MOVED_RIGHT,1
2026-06-12 16:50:43,Patience,0.0000,NO_FACE,OUT_OF_FRAME,0
2026-06-12 16:50:43,Patience,0.0000,NO_FACE,OUT_OF_FRAME,0
2026-06-12 16:50:43,Patience,0.0000,NO_FACE,OUT_OF_FRAME,0
2026-06-12 16:50:44,Patience,0.0000,NO_FACE,OUT_OF_FRAME,0
2026-06-12 16:50:44,Patience,0.0000,NO_FACE,OUT_OF_FRAME,0
2026-06-12 16:50:44,Patience,0.0000,NO_FACE,OUT_OF_FRAME,0
2026-06-12 16:50:44,Patience,0.0000,NO_FACE,OUT_OF_FRAME,0
2026-06-12 16:50:44,Patience,0.0000,NO_FACE,OUT_OF_FRAME,0
2026-06-12 16:50:44,Patience,0.0000,NO_FACE,OUT_OF_FRAME,0
2026-06-12 16:50:44,Patience,0.0000,NO_FACE,OUT_OF_FRAME,0
2026-06-12 16:50:45,Patience,0.0000,NO_FACE,OUT_OF_FRAME,0
2026-06-12 16:50:45,Patience,0.0000,NO_FACE,OUT_OF_FRAME,0
2026-06-12 16:50:45,Patience,0.0000,NO_FACE,OUT_OF_FRAME,0
2026-06-12 16:50:45,Patience,0.0000,NO_FACE,OUT_OF_FRAME,0
2026-06-12 16:50:45,Patience,0.0000,NO_FACE,OUT_OF_FRAME,0
2026-06-12 16:50:45,Patience,0.0000,NO_FACE,OUT_OF_FRAME,0
2026-06-12 16:50:45,Patience,0.0000,NO_FACE,OUT_OF_FRAME,0
2026-06-12 16:50:45,Patience,0.0000,NO_FACE,OUT_OF_FRAME,0
2026-06-12 16:50:46,Patience,0.0000,NO_FACE,OUT_OF_FRAME,0
2026-06-12 16:50:46,Patience,0.0000,NO_FACE,OUT_OF_FRAME,0
2026-06-12 16:50:46,Patience,0.0000,NO_FACE,OUT_OF_FRAME,0
2026-06-12 16:50:46,Patience,0.0000,NO_FACE,OUT_OF_FRAME,0
2026-06-12 16:50:46,Patience,0.0000,NO_FACE,OUT_OF_FRAME,0
2026-06-12 16:50:46,Patience,0.0000,NO_FACE,OUT_OF_FRAME,0
2026-06-12 16:50:46,Patience,0.0000,NO_FACE,OUT_OF_FRAME,0
2026-06-12 16:50:46,Patience,0.0000,NO_FACE,OUT_OF_FRAME,0
2026-06-12 16:50:47,Patience,0.0000,NO_FACE,OUT_OF_FRAME,0
2026-06-12 16:50:47,Patience,0.0000,NO_FACE,OUT_OF_FRAME,0
2026-06-12 16:50:47,Patience,0.0000,NO_FACE,OUT_OF_FRAME,0
2026-06-12 16:50:47,Patience,0.0000,NO_FACE,OUT_OF_FRAME,0
2026-06-12 16:50:47,Patience,0.0000,NO_FACE,OUT_OF_FRAME,0
2026-06-12 16:50:47,Patience,0.0000,NO_FACE,OUT_OF_FRAME,0
2026-06-12 16:50:47,Patience,0.0000,NO_FACE,OUT_OF_FRAME,0
2026-06-12 16:50:47,Patience,0.0000,NO_FACE,OUT_OF_FRAME,0
2026-06-12 16:50:48,Patience,0.0000,NO_FACE,OUT_OF_FRAME,0
2026-06-12 16:50:48,Patience,0.0000,NO_FACE,OUT_OF_FRAME,0
2026-06-12 16:50:48,Patience,0.0000,NO_FACE,OUT_OF_FRAME,0
2026-06-12 16:50:48,Patience,0.0000,NO_FACE,OUT_OF_FRAME,0
2026-06-12 16:50:48,Patience,0.0000,NO_FACE,OUT_OF_FRAME,0
2026-06-12 16:50:48,Patience,0.0000,NO_FACE,OUT_OF_FRAME,0
2026-06-12 16:50:48,Patience,0.0000,NO_FACE,OUT_OF_FRAME,0
2026-06-12 16:50:48,Patience,0.0000,NO_FACE,OUT_OF_FRAME,0
2026-06-12 16:50:49,Patience,0.0000,NO_FACE,OUT_OF_FRAME,0
2026-06-12 16:50:49,Patience,0.0000,NO_FACE,OUT_OF_FRAME,0
2026-06-12 16:50:49,Patience,0.0000,NO_FACE,OUT_OF_FRAME,0
2026-06-12 16:50:49,Patience,0.0000,NO_FACE,OUT_OF_FRAME,0
2026-06-12 16:50:49,Patience,0.0000,NO_FACE,OUT_OF_FRAME,0
2026-06-12 16:50:49,Patience,0.0000,NO_FACE,OUT_OF_FRAME,0
2026-06-12 16:50:49,Patience,0.0000,NO_FACE,OUT_OF_FRAME,0
2026-06-12 16:50:49,Patience,0.0000,NO_FACE,OUT_OF_FRAME,0
2026-06-12 16:50:50,Patience,0.0000,NO_FACE,OUT_OF_FRAME,0
2026-06-12 16:50:50,Patience,0.0000,NO_FACE,OUT_OF_FRAME,0
2026-06-12 16:50:51,Patience,0.0000,NO_FACE,OUT_OF_FRAME,0
2026-06-12 16:50:51,Patience,0.0000,NO_FACE,OUT_OF_FRAME,0
2026-06-12 16:50:51,Patience,0.0000,NO_FACE,OUT_OF_FRAME,0
2026-06-12 16:50:51,Patience,0.0000,NO_FACE,OUT_OF_FRAME,0
2026-06-12 16:50:51,Patience,0.0000,NO_FACE,OUT_OF_FRAME,0
2026-06-12 16:50:52,Patience,0.0000,NO_FACE,OUT_OF_FRAME,0
2026-06-12 16:50:52,Patience,0.0000,NO_FACE,OUT_OF_FRAME,0
2026-06-12 16:50:52,Patience,0.0000,NO_FACE,OUT_OF_FRAME,0
2026-06-12 16:50:52,Patience,0.0000,NO_FACE,OUT_OF_FRAME,0
2026-06-12 16:50:52,Patience,0.0000,NO_FACE,OUT_OF_FRAME,0
2026-06-12 16:50:52,Patience,0.0000,NO_FACE,OUT_OF_FRAME,0
2026-06-12 16:50:52,Patience,0.0000,NO_FACE,OUT_OF_FRAME,0
2026-06-12 16:50:52,Patience,0.0000,NO_FACE,OUT_OF_FRAME,0
2026-06-12 16:50:53,Patience,0.0000,NO_FACE,OUT_OF_FRAME,0
2026-06-12 16:50:55,Patience,0.4031,MOVE_RIGHT,MOVED_RIGHT,1
2026-06-12 16:50:56,Patience,0.7007,CENTERED,CENTERED,1
2026-06-12 16:50:57,Patience,0.5998,MOVE_LEFT,MOVED_LEFT,1
2026-06-12 16:50:58,Patience,0.4334,MOVE_RIGHT,MOVED_RIGHT,1
2026-06-12 16:50:59,Patience,0.0000,NO_FACE,OUT_OF_FRAME,0
2026-06-12 16:50:59,Patience,0.4421,MOVE_RIGHT,MOVED_RIGHT,1
2026-06-12 16:51:00,Patience,0.0000,NO_FACE,OUT_OF_FRAME,0
2026-06-12 16:51:00,Patience,0.0000,NO_FACE,OUT_OF_FRAME,0
2026-06-12 16:51:00,Patience,0.0000,NO_FACE,OUT_OF_FRAME,0
2026-06-12 16:51:00,Patience,0.0000,NO_FACE,OUT_OF_FRAME,0
2026-06-12 16:51:00,Patience,0.0000,NO_FACE,OUT_OF_FRAME,0
2026-06-12 16:51:00,Patience,0.0000,NO_FACE,OUT_OF_FRAME,0
2026-06-12 16:51:00,Patience,0.0000,NO_FACE,OUT_OF_FRAME,0
2026-06-12 16:51:00,Patience,0.0000,NO_FACE,OUT_OF_FRAME,0
2026-06-12 16:51:01,Patience,0.0000,NO_FACE,OUT_OF_FRAME,0
2026-06-12 16:51:02,Patience,0.0000,NO_FACE,OUT_OF_FRAME,0
2026-06-12 16:51:02,Patience,0.5076,MOVE_RIGHT,MOVED_RIGHT,1
2026-06-12 16:51:02,Patience,0.6078,CENTERED,CENTERED,1
2026-06-12 16:51:03,Patience,0.6422,CENTERED,CENTERED,1
2026-06-12 16:51:03,Patience,0.6443,CENTERED,CENTERED,1
2026-06-12 16:51:03,Patience,0.6372,CENTERED,CENTERED,1
2026-06-12 16:51:03,Patience,0.6200,CENTERED,CENTERED,1
2026-06-12 16:51:03,Patience,0.6052,CENTERED,CENTERED,1
2026-06-12 16:51:04,Patience,0.0000,NO_FACE,OUT_OF_FRAME,0
2026-06-12 16:51:04,Patience,0.0000,NO_FACE,OUT_OF_FRAME,0
2026-06-12 16:51:04,Patience,0.0000,NO_FACE,OUT_OF_FRAME,0
2026-06-12 16:51:04,Patience,0.0000,NO_FACE,OUT_OF_FRAME,0
2026-06-12 16:51:04,Patience,0.0000,NO_FACE,OUT_OF_FRAME,0
2026-06-12 16:51:04,Patience,0.0000,NO_FACE,OUT_OF_FRAME,0
2026-06-12 16:51:04,Patience,0.0000,NO_FACE,OUT_OF_FRAME,0
2026-06-12 16:51:05,Patience,0.0000,NO_FACE,OUT_OF_FRAME,0
2026-06-12 16:51:05,Patience,0.0000,NO_FACE,OUT_OF_FRAME,0
2026-06-12 16:51:05,Patience,0.0000,NO_FACE,OUT_OF_FRAME,0
2026-06-12 16:51:05,Patience,0.0000,NO_FACE,OUT_OF_FRAME,0
2026-06-12 16:51:05,Patience,0.0000,NO_FACE,OUT_OF_FRAME,0
2026-06-12 16:51:05,Patience,0.0000,NO_FACE,OUT_OF_FRAME,0
2026-06-12 16:51:05,Patience,0.0000,NO_FACE,OUT_OF_FRAME,0
2026-06-12 16:51:05,Patience,0.0000,NO_FACE,OUT_OF_FRAME,0
2026-06-12 16:51:06,Patience,0.0000,NO_FACE,OUT_OF_FRAME,0
2026-06-12 16:51:06,Patience,0.0000,NO_FACE,OUT_OF_FRAME,0
2026-06-12 16:51:06,Patience,0.0000,NO_FACE,OUT_OF_FRAME,0
2026-06-12 16:51:06,Patience,0.0000,NO_FACE,OUT_OF_FRAME,0
2026-06-12 16:51:06,Patience,0.0000,NO_FACE,OUT_OF_FRAME,0
2026-06-12 16:51:06,Patience,0.0000,NO_FACE,OUT_OF_FRAME,0
2026-06-12 16:51:07,Patience,0.0000,NO_FACE,OUT_OF_FRAME,0
2026-06-12 16:51:07,Patience,0.0000,NO_FACE,OUT_OF_FRAME,0
2026-06-12 16:51:07,Patience,0.0000,NO_FACE,OUT_OF_FRAME,0
2026-06-12 16:51:07,Patience,0.0000,NO_FACE,OUT_OF_FRAME,0
2026-06-12 16:51:08,Patience,0.0000,NO_FACE,OUT_OF_FRAME,0
2026-06-12 16:51:08,Patience,0.0000,NO_FACE,OUT_OF_FRAME,0
2026-06-12 16:51:08,Patience,0.0000,NO_FACE,OUT_OF_FRAME,0
2026-06-12 16:51:08,Patience,0.0000,NO_FACE,OUT_OF_FRAME,0
2026-06-12 16:51:08,Patience,0.0000,NO_FACE,OUT_OF_FRAME,0
2026-06-12 16:51:08,Patience,0.0000,NO_FACE,OUT_OF_FRAME,0
2026-06-12 16:51:08,Patience,0.0000,NO_FACE,OUT_OF_FRAME,0
2026-06-12 16:51:08,Patience,0.0000,NO_FACE,OUT_OF_FRAME,0
2026-06-12 16:51:09,Patience,0.0000,NO_FACE,OUT_OF_FRAME,0
2026-06-12 16:51:09,Patience,0.0000,NO_FACE,OUT_OF_FRAME,0
2026-06-12 16:51:09,Patience,0.0000,NO_FACE,OUT_OF_FRAME,0
2026-06-12 16:51:09,Patience,0.0000,NO_FACE,OUT_OF_FRAME,0
2026-06-12 16:51:09,Patience,0.0000,NO_FACE,OUT_OF_FRAME,0
2026-06-12 16:51:09,Patience,0.5386,MOVE_RIGHT,MOVED_RIGHT,1
2026-06-12 16:51:10,Patience,0.5182,MOVE_RIGHT,MOVED_RIGHT,1
2026-06-12 16:51:10,Patience,0.5406,MOVE_RIGHT,MOVED_RIGHT,1
2026-06-12 16:51:10,Patience,0.5310,MOVE_RIGHT,MOVED_RIGHT,1
2026-06-12 16:51:10,Patience,0.5088,MOVE_RIGHT,MOVED_RIGHT,1
2026-06-12 16:51:10,Patience,0.5109,MOVE_RIGHT,MOVED_RIGHT,1
2026-06-12 16:51:11,Patience,0.5216,MOVE_RIGHT,MOVED_RIGHT,1
2026-06-12 16:51:11,Patience,0.5495,MOVE_RIGHT,MOVED_RIGHT,1
2026-06-12 16:51:11,Patience,0.5421,MOVE_RIGHT,MOVED_RIGHT,1
2026-06-12 16:51:11,Patience,0.5394,MOVE_RIGHT,MOVED_RIGHT,1
2026-06-12 16:51:11,Patience,0.5732,MOVE_RIGHT,MOVED_RIGHT,1
2026-06-12 16:51:11,Patience,0.5762,MOVE_RIGHT,MOVED_RIGHT,1
2026-06-12 16:51:12,Patience,0.5748,MOVE_RIGHT,MOVED_RIGHT,1
2026-06-12 16:51:12,Patience,0.5634,MOVE_RIGHT,MOVED_RIGHT,1
2026-06-12 16:51:12,Patience,0.6267,MOVE_RIGHT,MOVED_RIGHT,1
2026-06-12 16:51:12,Patience,0.6765,MOVE_RIGHT,MOVED_RIGHT,1
2026-06-12 16:51:13,Patience,0.6600,MOVE_RIGHT,MOVED_RIGHT,1
2026-06-12 16:51:13,Patience,0.6653,MOVE_RIGHT,MOVED_RIGHT,1
2026-06-12 16:51:13,Patience,0.6634,MOVE_RIGHT,MOVED_RIGHT,1
2026-06-12 16:51:13,Patience,0.6524,MOVE_RIGHT,MOVED_RIGHT,1
2026-06-12 16:51:13,Patience,0.6951,MOVE_RIGHT,MOVED_RIGHT,1
2026-06-12 16:51:14,Patience,0.6955,MOVE_RIGHT,MOVED_RIGHT,1
2026-06-12 16:51:14,Patience,0.6472,MOVE_RIGHT,MOVED_RIGHT,1
2026-06-12 16:51:14,Patience,0.5916,MOVE_RIGHT,MOVED_RIGHT,1
2026-06-12 16:51:14,Patience,0.5918,MOVE_RIGHT,MOVED_RIGHT,1
2026-06-12 16:51:14,Patience,0.5839,MOVE_RIGHT,MOVED_RIGHT,1
2026-06-12 16:51:15,Patience,0.5785,MOVE_RIGHT,MOVED_RIGHT,1
2026-06-12 16:51:15,Patience,0.5894,MOVE_RIGHT,MOVED_RIGHT,1
2026-06-12 16:51:15,Patience,0.6025,MOVE_RIGHT,MOVED_RIGHT,1
2026-06-12 16:51:15,Patience,0.5909,MOVE_RIGHT,MOVED_RIGHT,1
2026-06-12 16:51:15,Patience,0.5841,MOVE_RIGHT,MOVED_RIGHT,1
2026-06-12 16:51:16,Patience,0.6117,MOVE_RIGHT,MOVED_RIGHT,1
2026-06-12 16:51:16,Patience,0.6238,MOVE_RIGHT,MOVED_RIGHT,1
2026-06-12 16:51:16,Patience,0.6095,MOVE_RIGHT,MOVED_RIGHT,1
2026-06-12 16:51:16,Patience,0.6312,MOVE_RIGHT,MOVED_RIGHT,1
2026-06-12 16:51:17,Patience,0.6434,MOVE_RIGHT,MOVED_RIGHT,1
2026-06-12 16:51:17,Patience,0.6275,MOVE_RIGHT,MOVED_RIGHT,1
2026-06-12 16:51:17,Patience,0.6157,MOVE_RIGHT,MOVED_RIGHT,1
2026-06-12 16:51:17,Patience,0.6180,MOVE_RIGHT,MOVED_RIGHT,1
2026-06-12 16:51:17,Patience,0.6126,MOVE_RIGHT,MOVED_RIGHT,1
2026-06-12 16:51:18,Patience,0.6379,MOVE_RIGHT,MOVED_RIGHT,1
2026-06-12 16:51:18,Patience,0.6123,MOVE_RIGHT,MOVED_RIGHT,1
2026-06-12 16:51:18,Patience,0.6266,MOVE_RIGHT,MOVED_RIGHT,1
2026-06-12 16:51:18,Patience,0.6474,MOVE_RIGHT,MOVED_RIGHT,1
2026-06-12 16:51:18,Patience,0.6189,MOVE_RIGHT,MOVED_RIGHT,1
2026-06-12 16:51:19,Patience,0.6361,MOVE_RIGHT,MOVED_RIGHT,1
2026-06-12 16:51:19,Patience,0.6370,MOVE_RIGHT,MOVED_RIGHT,1
2026-06-12 16:51:19,Patience,0.6723,MOVE_RIGHT,MOVED_RIGHT,1
2026-06-12 16:51:19,Patience,0.7079,MOVE_RIGHT,MOVED_RIGHT,1
2026-06-12 16:51:19,Patience,0.6840,MOVE_RIGHT,MOVED_RIGHT,1
2026-06-12 16:51:20,Patience,0.6791,MOVE_RIGHT,MOVED_RIGHT,1
2026-06-12 16:51:20,Patience,0.6508,MOVE_RIGHT,MOVED_RIGHT,1
2026-06-12 16:51:20,Patience,0.6772,MOVE_RIGHT,MOVED_RIGHT,1
2026-06-12 16:51:20,Patience,0.6743,MOVE_RIGHT,MOVED_RIGHT,1
2026-06-12 16:51:21,Patience,0.6923,MOVE_RIGHT,MOVED_RIGHT,1
2026-06-12 16:51:21,Patience,0.6830,MOVE_RIGHT,MOVED_RIGHT,1
2026-06-12 16:51:21,Patience,0.6675,MOVE_RIGHT,MOVED_RIGHT,1
2026-06-12 16:51:21,Patience,0.6601,MOVE_RIGHT,MOVED_RIGHT,1
2026-06-12 16:51:21,Patience,0.6686,MOVE_RIGHT,MOVED_RIGHT,1
2026-06-12 16:51:22,Patience,0.6483,MOVE_RIGHT,MOVED_RIGHT,1
2026-06-12 16:51:22,Patience,0.6835,MOVE_RIGHT,MOVED_RIGHT,1
2026-06-12 16:51:22,Patience,0.6777,MOVE_RIGHT,MOVED_RIGHT,1
2026-06-12 16:51:22,Patience,0.6522,MOVE_RIGHT,MOVED_RIGHT,1
2026-06-12 16:51:22,Patience,0.5909,MOVE_RIGHT,MOVED_RIGHT,1
2026-06-12 16:51:23,Patience,0.5398,MOVE_RIGHT,MOVED_RIGHT,1
2026-06-12 16:51:23,Patience,0.6013,MOVE_RIGHT,MOVED_RIGHT,1
2026-06-12 16:51:23,Patience,0.5951,MOVE_RIGHT,MOVED_RIGHT,1
2026-06-12 16:51:23,Patience,0.6405,MOVE_RIGHT,MOVED_RIGHT,1
2026-06-12 16:51:23,Patience,0.6006,MOVE_RIGHT,MOVED_RIGHT,1
2026-06-12 16:51:24,Patience,0.5272,MOVE_RIGHT,MOVED_RIGHT,1
2026-06-12 16:51:24,Patience,0.5199,MOVE_RIGHT,MOVED_RIGHT,1
2026-06-12 16:51:24,Patience,0.5724,MOVE_RIGHT,MOVED_RIGHT,1
2026-06-12 16:51:24,Patience,0.5656,MOVE_RIGHT,MOVED_RIGHT,1
2026-06-12 16:51:25,Patience,0.5538,MOVE_RIGHT,MOVED_RIGHT,1
2026-06-12 16:51:25,Patience,0.5717,MOVE_RIGHT,MOVED_RIGHT,1
2026-06-12 16:51:25,Patience,0.6100,MOVE_RIGHT,MOVED_RIGHT,1
2026-06-12 16:51:25,Patience,0.6138,MOVE_RIGHT,MOVED_RIGHT,1
2026-06-12 16:51:26,Patience,0.6312,MOVE_RIGHT,MOVED_RIGHT,1
2026-06-12 16:51:27,Patience,0.7004,MOVE_RIGHT,MOVED_RIGHT,1
2026-06-12 16:51:28,Patience,0.7393,MOVE_RIGHT,MOVED_RIGHT,1
2026-06-12 16:51:29,Patience,0.7399,MOVE_RIGHT,MOVED_RIGHT,1
2026-06-12 16:51:30,Patience,0.7696,MOVE_RIGHT,MOVED_RIGHT,1
2026-06-12 16:51:31,Patience,0.7665,MOVE_RIGHT,MOVED_RIGHT,1
2026-06-12 16:51:32,Patience,0.7268,MOVE_RIGHT,MOVED_RIGHT,1
2026-06-12 16:51:33,Patience,0.7320,MOVE_RIGHT,MOVED_RIGHT,1
2026-06-12 16:51:34,Patience,0.7419,MOVE_RIGHT,MOVED_RIGHT,1
2026-06-12 16:51:35,Patience,0.7505,MOVE_RIGHT,MOVED_RIGHT,1
2026-06-12 16:51:37,Patience,0.7332,MOVE_RIGHT,MOVED_RIGHT,1
2026-06-12 16:51:38,Patience,0.7429,MOVE_RIGHT,MOVED_RIGHT,1
2026-06-12 16:51:39,Patience,0.6413,MOVE_RIGHT,MOVED_RIGHT,1
2026-06-12 16:51:40,Patience,0.6958,MOVE_RIGHT,MOVED_RIGHT,1
2026-06-12 16:51:41,Patience,0.6837,MOVE_RIGHT,MOVED_RIGHT,1
2026-06-12 16:51:42,Patience,0.6528,MOVE_RIGHT,MOVED_RIGHT,1
2026-06-12 16:51:43,Patience,0.6824,MOVE_RIGHT,MOVED_RIGHT,1
2026-06-12 16:51:44,Patience,0.6956,MOVE_RIGHT,MOVED_RIGHT,1
2026-06-12 16:51:46,Patience,0.5756,MOVE_RIGHT,MOVED_RIGHT,1
2026-06-12 16:51:46,Patience,0.7557,MOVE_RIGHT,MOVED_RIGHT,1
2026-06-12 16:51:48,Patience,0.6962,MOVE_RIGHT,MOVED_RIGHT,1
2026-06-12 16:51:49,Patience,0.7198,MOVE_RIGHT,MOVED_RIGHT,1
2026-06-12 16:51:50,Patience,0.7002,MOVE_RIGHT,MOVED_RIGHT,1
2026-06-12 16:51:50,Patience,0.6597,MOVE_RIGHT,MOVED_RIGHT,1
2026-06-12 16:51:50,Patience,0.6698,MOVE_RIGHT,MOVED_RIGHT,1
2026-06-12 16:51:50,Patience,0.6414,MOVE_RIGHT,MOVED_RIGHT,1
2026-06-12 16:51:50,Patience,0.6412,MOVE_RIGHT,MOVED_RIGHT,1
2026-06-12 16:51:51,Patience,0.6343,MOVE_RIGHT,MOVED_RIGHT,1
2026-06-12 16:51:51,Patience,0.6283,MOVE_RIGHT,MOVED_RIGHT,1
2026-06-12 16:51:51,Patience,0.6310,MOVE_RIGHT,MOVED_RIGHT,1
2026-06-12 16:51:51,Patience,0.6056,MOVE_RIGHT,MOVED_RIGHT,1
2026-06-12 16:51:52,Patience,0.6145,MOVE_RIGHT,MOVED_RIGHT,1
2026-06-12 16:51:53,Patience,0.6219,MOVE_RIGHT,MOVED_RIGHT,1
2026-06-12 16:51:54,Patience,0.6142,MOVE_RIGHT,MOVED_RIGHT,1
2026-06-12 16:51:55,Patience,0.5809,MOVE_RIGHT,MOVED_RIGHT,1
2026-06-12 16:51:56,Patience,0.5779,MOVE_RIGHT,MOVED_RIGHT,1
2026-06-12 16:51:56,Patience,0.5863,MOVE_RIGHT,MOVED_RIGHT,1
2026-06-12 16:51:56,Patience,0.5265,MOVE_RIGHT,MOVED_RIGHT,1
2026-06-12 16:51:56,Patience,0.5101,MOVE_RIGHT,MOVED_RIGHT,1
2026-06-12 16:51:56,Patience,0.4783,MOVE_RIGHT,MOVED_RIGHT,1
2026-06-12 16:51:57,Patience,0.0000,NO_FACE,OUT_OF_FRAME,0
2026-06-12 16:51:57,Patience,0.0000,NO_FACE,OUT_OF_FRAME,0
2026-06-12 16:51:57,Patience,0.0000,NO_FACE,OUT_OF_FRAME,0
2026-06-12 16:51:57,Patience,0.0000,NO_FACE,OUT_OF_FRAME,0
2026-06-12 16:51:57,Patience,0.0000,NO_FACE,OUT_OF_FRAME,0
2026-06-12 16:51:57,Patience,0.0000,NO_FACE,OUT_OF_FRAME,0
2026-06-12 16:51:57,Patience,0.0000,NO_FACE,OUT_OF_FRAME,0
2026-06-12 16:51:57,Patience,0.0000,NO_FACE,OUT_OF_FRAME,0
2026-06-12 16:51:58,Patience,0.0000,NO_FACE,OUT_OF_FRAME,0
2026-06-12 16:51:58,Patience,0.0000,NO_FACE,OUT_OF_FRAME,0
2026-06-12 16:51:58,Patience,0.0000,NO_FACE,OUT_OF_FRAME,0
2026-06-12 16:51:58,Patience,0.0000,NO_FACE,OUT_OF_FRAME,0
2026-06-12 16:51:58,Patience,0.0000,NO_FACE,OUT_OF_FRAME,0
2026-06-12 16:51:58,Patience,0.0000,NO_FACE,OUT_OF_FRAME,0
2026-06-12 16:51:58,Patience,0.0000,NO_FACE,OUT_OF_FRAME,0
2026-06-12 16:51:58,Patience,0.0000,NO_FACE,OUT_OF_FRAME,0
2026-06-12 16:51:59,Patience,0.0000,NO_FACE,OUT_OF_FRAME,0
2026-06-12 16:51:59,Patience,0.0000,NO_FACE,OUT_OF_FRAME,0
2026-06-12 16:51:59,Patience,0.0000,NO_FACE,OUT_OF_FRAME,0
2026-06-12 16:51:59,Patience,0.0000,NO_FACE,OUT_OF_FRAME,0
2026-06-12 16:51:59,Patience,0.0000,NO_FACE,OUT_OF_FRAME,0
2026-06-12 16:51:59,Patience,0.0000,NO_FACE,OUT_OF_FRAME,0
2026-06-12 16:51:59,Patience,0.0000,NO_FACE,OUT_OF_FRAME,0
2026-06-12 16:51:59,Patience,0.0000,NO_FACE,OUT_OF_FRAME,0
2026-06-12 16:52:00,Patience,0.0000,NO_FACE,OUT_OF_FRAME,0
2026-06-12 16:52:00,Patience,0.0000,NO_FACE,OUT_OF_FRAME,0
2026-06-12 16:52:00,Patience,0.0000,NO_FACE,OUT_OF_FRAME,0
2026-06-12 16:52:00,Patience,0.0000,NO_FACE,OUT_OF_FRAME,0
2026-06-12 16:52:00,Patience,0.0000,NO_FACE,OUT_OF_FRAME,0
2026-06-12 16:52:00,Patience,0.0000,NO_FACE,OUT_OF_FRAME,0
2026-06-12 16:52:00,Patience,0.0000,NO_FACE,OUT_OF_FRAME,0
2026-06-12 16:52:00,Patience,0.0000,NO_FACE,OUT_OF_FRAME,0
2026-06-12 16:52:01,Patience,0.0000,NO_FACE,OUT_OF_FRAME,0
2026-06-12 16:52:01,Patience,0.0000,NO_FACE,OUT_OF_FRAME,0
2026-06-12 16:52:01,Patience,0.0000,NO_FACE,OUT_OF_FRAME,0
2026-06-12 16:52:01,Patience,0.0000,NO_FACE,OUT_OF_FRAME,0
2026-06-12 16:52:02,Patience,0.0000,NO_FACE,OUT_OF_FRAME,0
2026-06-12 16:52:03,Patience,0.4677,MOVE_RIGHT,MOVED_RIGHT,1
2026-06-12 16:52:03,Patience,0.0000,NO_FACE,OUT_OF_FRAME,0
2026-06-12 16:52:03,Patience,0.0000,NO_FACE,OUT_OF_FRAME,0
2026-06-12 16:52:03,Patience,0.0000,NO_FACE,OUT_OF_FRAME,0
2026-06-12 16:52:03,Patience,0.0000,NO_FACE,OUT_OF_FRAME,0
2026-06-12 16:52:04,Patience,0.0000,NO_FACE,OUT_OF_FRAME,0
2026-06-12 16:52:04,Patience,0.0000,NO_FACE,OUT_OF_FRAME,0
2026-06-12 16:52:04,Patience,0.0000,NO_FACE,OUT_OF_FRAME,0
2026-06-12 16:52:04,Patience,0.0000,NO_FACE,OUT_OF_FRAME,0
2026-06-12 16:52:04,Patience,0.0000,NO_FACE,OUT_OF_FRAME,0
2026-06-12 16:52:04,Patience,0.0000,NO_FACE,OUT_OF_FRAME,0
2026-06-12 16:52:04,Patience,0.0000,NO_FACE,OUT_OF_FRAME,0
2026-06-12 16:52:05,Patience,0.0000,NO_FACE,OUT_OF_FRAME,0
2026-06-12 16:52:05,Patience,0.0000,NO_FACE,OUT_OF_FRAME,0
2026-06-12 16:52:05,Patience,0.0000,NO_FACE,OUT_OF_FRAME,0
2026-06-12 16:52:05,Patience,0.0000,NO_FACE,OUT_OF_FRAME,0
2026-06-12 16:52:05,Patience,0.0000,NO_FACE,OUT_OF_FRAME,0
2026-06-12 16:52:05,Patience,0.0000,NO_FACE,OUT_OF_FRAME,0
2026-06-12 16:52:05,Patience,0.0000,NO_FACE,OUT_OF_FRAME,0
2026-06-12 16:52:05,Patience,0.0000,NO_FACE,OUT_OF_FRAME,0
2026-06-12 16:52:06,Patience,0.0000,NO_FACE,OUT_OF_FRAME,0
2026-06-12 16:52:06,Patience,0.0000,NO_FACE,OUT_OF_FRAME,0
2026-06-12 16:52:06,Patience,0.0000,NO_FACE,OUT_OF_FRAME,0
2026-06-12 16:52:06,Patience,0.0000,NO_FACE,OUT_OF_FRAME,0
2026-06-12 16:52:06,Patience,0.0000,NO_FACE,OUT_OF_FRAME,0
2026-06-12 16:52:06,Patience,0.0000,NO_FACE,OUT_OF_FRAME,0
2026-06-12 16:52:06,Patience,0.0000,NO_FACE,OUT_OF_FRAME,0
2026-06-12 16:52:06,Patience,0.0000,NO_FACE,OUT_OF_FRAME,0
2026-06-12 16:52:07,Patience,0.0000,NO_FACE,OUT_OF_FRAME,0
2026-06-12 16:52:07,Patience,0.0000,NO_FACE,OUT_OF_FRAME,0
2026-06-12 16:52:07,Patience,0.0000,NO_FACE,OUT_OF_FRAME,0
2026-06-12 16:52:07,Patience,0.0000,NO_FACE,OUT_OF_FRAME,0
2026-06-12 16:52:07,Patience,0.0000,NO_FACE,OUT_OF_FRAME,0
2026-06-12 16:52:07,Patience,0.0000,NO_FACE,OUT_OF_FRAME,0
2026-06-12 16:52:07,Patience,0.0000,NO_FACE,OUT_OF_FRAME,0
2026-06-12 16:52:07,Patience,0.0000,NO_FACE,OUT_OF_FRAME,0
2026-06-12 16:52:08,Patience,0.0000,NO_FACE,OUT_OF_FRAME,0
2026-06-12 16:52:08,Patience,0.0000,NO_FACE,OUT_OF_FRAME,0
2026-06-12 16:52:08,Patience,0.0000,NO_FACE,OUT_OF_FRAME,0
2026-06-12 16:52:08,Patience,0.0000,NO_FACE,OUT_OF_FRAME,0
2026-06-12 16:52:08,Patience,0.0000,NO_FACE,OUT_OF_FRAME,0
2026-06-12 16:52:08,Patience,0.0000,NO_FACE,OUT_OF_FRAME,0
2026-06-12 16:52:08,Patience,0.0000,NO_FACE,OUT_OF_FRAME,0
2026-06-12 16:52:08,Patience,0.0000,NO_FACE,OUT_OF_FRAME,0
2026-06-12 16:52:09,Patience,0.0000,NO_FACE,OUT_OF_FRAME,0
2026-06-12 16:52:09,Patience,0.0000,NO_FACE,OUT_OF_FRAME,0
2026-06-12 16:52:09,Patience,0.0000,NO_FACE,OUT_OF_FRAME,0
2026-06-12 16:52:09,Patience,0.0000,NO_FACE,OUT_OF_FRAME,0
2026-06-12 16:52:09,Patience,0.0000,NO_FACE,OUT_OF_FRAME,0
2026-06-12 16:52:09,Patience,0.0000,NO_FACE,OUT_OF_FRAME,0
2026-06-12 16:52:09,Patience,0.0000,NO_FACE,OUT_OF_FRAME,0
2026-06-12 16:52:09,Patience,0.0000,NO_FACE,OUT_OF_FRAME,0
2026-06-12 16:52:10,Patience,0.0000,NO_FACE,OUT_OF_FRAME,0
2026-06-12 16:52:10,Patience,0.0000,NO_FACE,OUT_OF_FRAME,0
2026-06-12 16:52:10,Patience,0.0000,NO_FACE,OUT_OF_FRAME,0
2026-06-12 16:52:10,Patience,0.0000,NO_FACE,OUT_OF_FRAME,0
2026-06-12 16:52:10,Patience,0.0000,NO_FACE,OUT_OF_FRAME,0
2026-06-12 16:52:10,Patience,0.0000,NO_FACE,OUT_OF_FRAME,0
2026-06-12 16:52:10,Patience,0.0000,NO_FACE,OUT_OF_FRAME,0
2026-06-12 16:52:11,Patience,0.0000,NO_FACE,OUT_OF_FRAME,0
2026-06-12 16:52:11,Patience,0.0000,NO_FACE,OUT_OF_FRAME,0
2026-06-12 16:52:11,Patience,0.0000,NO_FACE,OUT_OF_FRAME,0
2026-06-12 16:52:11,Patience,0.0000,NO_FACE,OUT_OF_FRAME,0
2026-06-12 16:52:11,Patience,0.0000,NO_FACE,OUT_OF_FRAME,0
2026-06-12 16:52:11,Patience,0.0000,NO_FACE,OUT_OF_FRAME,0
2026-06-12 16:52:11,Patience,0.0000,NO_FACE,OUT_OF_FRAME,0
2026-06-12 16:52:11,Patience,0.0000,NO_FACE,OUT_OF_FRAME,0
2026-06-12 16:52:12,Patience,0.0000,NO_FACE,OUT_OF_FRAME,0
2026-06-12 16:52:12,Patience,0.0000,NO_FACE,OUT_OF_FRAME,0
2026-06-12 16:52:12,Patience,0.0000,NO_FACE,OUT_OF_FRAME,0
2026-06-12 16:52:12,Patience,0.0000,NO_FACE,OUT_OF_FRAME,0
2026-06-12 16:52:12,Patience,0.0000,NO_FACE,OUT_OF_FRAME,0
2026-06-12 16:52:12,Patience,0.0000,NO_FACE,OUT_OF_FRAME,0
2026-06-12 16:52:12,Patience,0.0000,NO_FACE,OUT_OF_FRAME,0
2026-06-12 16:52:12,Patience,0.0000,NO_FACE,OUT_OF_FRAME,0
2026-06-12 16:52:12,Patience,0.0000,NO_FACE,OUT_OF_FRAME,0
2026-06-12 16:52:13,Patience,0.0000,NO_FACE,OUT_OF_FRAME,0
2026-06-12 16:52:13,Patience,0.0000,NO_FACE,OUT_OF_FRAME,0
2026-06-12 16:52:13,Patience,0.0000,NO_FACE,OUT_OF_FRAME,0
2026-06-12 16:52:13,Patience,0.0000,NO_FACE,OUT_OF_FRAME,0
2026-06-12 16:52:13,Patience,0.0000,NO_FACE,OUT_OF_FRAME,0
2026-06-12 16:52:13,Patience,0.0000,NO_FACE,OUT_OF_FRAME,0
2026-06-12 16:52:13,Patience,0.0000,NO_FACE,OUT_OF_FRAME,0
2026-06-12 16:52:14,Patience,0.0000,NO_FACE,OUT_OF_FRAME,0
2026-06-12 16:52:14,Patience,0.0000,NO_FACE,OUT_OF_FRAME,0
2026-06-12 16:52:14,Patience,0.0000,NO_FACE,OUT_OF_FRAME,0
2026-06-12 16:52:14,Patience,0.0000,NO_FACE,OUT_OF_FRAME,0
2026-06-12 16:52:14,Patience,0.0000,NO_FACE,OUT_OF_FRAME,0
2026-06-12 16:52:14,Patience,0.0000,NO_FACE,OUT_OF_FRAME,0
2026-06-12 16:52:14,Patience,0.0000,NO_FACE,OUT_OF_FRAME,0
2026-06-12 16:52:14,Patience,0.0000,NO_FACE,OUT_OF_FRAME,0
2026-06-12 16:52:15,Patience,0.0000,NO_FACE,OUT_OF_FRAME,0
2026-06-12 16:52:15,Patience,0.0000,NO_FACE,OUT_OF_FRAME,0
2026-06-12 16:52:15,Patience,0.0000,NO_FACE,OUT_OF_FRAME,0
2026-06-12 16:52:15,Patience,0.0000,NO_FACE,OUT_OF_FRAME,0
2026-06-12 16:52:15,Patience,0.0000,NO_FACE,OUT_OF_FRAME,0
2026-06-12 16:52:15,Patience,0.0000,NO_FACE,OUT_OF_FRAME,0
2026-06-12 16:52:15,Patience,0.0000,NO_FACE,OUT_OF_FRAME,0
2026-06-12 16:52:15,Patience,0.0000,NO_FACE,OUT_OF_FRAME,0
2026-06-12 16:52:15,Patience,0.0000,NO_FACE,OUT_OF_FRAME,0
2026-06-12 16:52:16,Patience,0.0000,NO_FACE,OUT_OF_FRAME,0
2026-06-12 16:52:16,Patience,0.0000,NO_FACE,OUT_OF_FRAME,0
2026-06-12 16:52:16,Patience,0.0000,NO_FACE,OUT_OF_FRAME,0
2026-06-12 16:52:16,Patience,0.0000,NO_FACE,OUT_OF_FRAME,0
2026-06-12 16:52:16,Patience,0.0000,NO_FACE,OUT_OF_FRAME,0
2026-06-12 16:52:16,Patience,0.0000,NO_FACE,OUT_OF_FRAME,0
2026-06-12 16:52:16,Patience,0.0000,NO_FACE,OUT_OF_FRAME,0
2026-06-12 16:52:16,Patience,0.0000,NO_FACE,OUT_OF_FRAME,0
2026-06-12 16:52:17,Patience,0.0000,NO_FACE,OUT_OF_FRAME,0
2026-06-12 16:52:17,Patience,0.0000,NO_FACE,OUT_OF_FRAME,0
2026-06-12 16:52:17,Patience,0.0000,NO_FACE,OUT_OF_FRAME,0
2026-06-12 16:52:17,Patience,0.0000,NO_FACE,OUT_OF_FRAME,0
2026-06-12 16:52:17,Patience,0.0000,NO_FACE,OUT_OF_FRAME,0
2026-06-12 16:52:17,Patience,0.0000,NO_FACE,OUT_OF_FRAME,0
2026-06-12 16:52:17,Patience,0.0000,NO_FACE,OUT_OF_FRAME,0
2026-06-12 16:52:18,Patience,0.0000,NO_FACE,OUT_OF_FRAME,0
2026-06-12 16:52:18,Patience,0.0000,NO_FACE,OUT_OF_FRAME,0
2026-06-12 16:52:18,Patience,0.0000,NO_FACE,OUT_OF_FRAME,0
2026-06-12 16:52:18,Patience,0.0000,NO_FACE,OUT_OF_FRAME,0
2026-06-12 16:52:18,Patience,0.0000,NO_FACE,OUT_OF_FRAME,0
2026-06-12 16:52:18,Patience,0.0000,NO_FACE,OUT_OF_FRAME,0
2026-06-12 16:52:18,Patience,0.0000,NO_FACE,OUT_OF_FRAME,0
2026-06-12 16:52:18,Patience,0.0000,NO_FACE,OUT_OF_FRAME,0
2026-06-12 16:52:18,Patience,0.0000,NO_FACE,OUT_OF_FRAME,0
2026-06-12 16:52:19,Patience,0.0000,NO_FACE,OUT_OF_FRAME,0
2026-06-12 16:52:19,Patience,0.0000,NO_FACE,OUT_OF_FRAME,0
2026-06-12 16:52:19,Patience,0.0000,NO_FACE,OUT_OF_FRAME,0
2026-06-12 16:52:19,Patience,0.0000,NO_FACE,OUT_OF_FRAME,0
2026-06-12 16:52:19,Patience,0.0000,NO_FACE,OUT_OF_FRAME,0
2026-06-12 16:52:19,Patience,0.0000,NO_FACE,OUT_OF_FRAME,0
2026-06-12 16:52:19,Patience,0.0000,NO_FACE,OUT_OF_FRAME,0
2026-06-12 16:52:20,Patience,0.0000,NO_FACE,OUT_OF_FRAME,0
2026-06-12 16:52:20,Patience,0.0000,NO_FACE,OUT_OF_FRAME,0
2026-06-12 16:52:20,Patience,0.0000,NO_FACE,OUT_OF_FRAME,0
2026-06-12 16:52:20,Patience,0.0000,NO_FACE,OUT_OF_FRAME,0
2026-06-12 16:52:20,Patience,0.0000,NO_FACE,OUT_OF_FRAME,0
2026-06-12 16:52:20,Patience,0.0000,NO_FACE,OUT_OF_FRAME,0
2026-06-12 16:52:20,Patience,0.0000,NO_FACE,OUT_OF_FRAME,0
2026-06-12 16:52:20,Patience,0.0000,NO_FACE,OUT_OF_FRAME,0
2026-06-12 16:52:20,Patience,0.0000,NO_FACE,OUT_OF_FRAME,0
2026-06-12 16:52:21,Patience,0.0000,NO_FACE,OUT_OF_FRAME,0
2026-06-12 16:52:21,Patience,0.0000,NO_FACE,OUT_OF_FRAME,0
2026-06-12 16:52:21,Patience,0.0000,NO_FACE,OUT_OF_FRAME,0
2026-06-12 16:52:21,Patience,0.0000,NO_FACE,OUT_OF_FRAME,0
2026-06-12 16:52:21,Patience,0.0000,NO_FACE,OUT_OF_FRAME,0
2026-06-12 16:52:21,Patience,0.0000,NO_FACE,OUT_OF_FRAME,0
2026-06-12 16:52:21,Patience,0.0000,NO_FACE,OUT_OF_FRAME,0
2026-06-12 16:52:21,Patience,0.0000,NO_FACE,OUT_OF_FRAME,0
2026-06-12 16:52:22,Patience,0.0000,NO_FACE,OUT_OF_FRAME,0
2026-06-12 16:52:22,Patience,0.0000,NO_FACE,OUT_OF_FRAME,0
2026-06-12 16:52:22,Patience,0.0000,NO_FACE,OUT_OF_FRAME,0
2026-06-12 16:52:22,Patience,0.0000,NO_FACE,OUT_OF_FRAME,0
2026-06-12 16:52:22,Patience,0.0000,NO_FACE,OUT_OF_FRAME,0
2026-06-12 16:52:22,Patience,0.0000,NO_FACE,OUT_OF_FRAME,0
2026-06-12 16:52:22,Patience,0.0000,NO_FACE,OUT_OF_FRAME,0
2026-06-12 16:52:22,Patience,0.0000,NO_FACE,OUT_OF_FRAME,0
2026-06-12 16:52:23,Patience,0.0000,NO_FACE,OUT_OF_FRAME,0
2026-06-12 16:52:23,Patience,0.0000,NO_FACE,OUT_OF_FRAME,0
2026-06-12 16:52:23,Patience,0.0000,NO_FACE,OUT_OF_FRAME,0
2026-06-12 16:52:23,Patience,0.0000,NO_FACE,OUT_OF_FRAME,0
2026-06-12 16:52:23,Patience,0.0000,NO_FACE,OUT_OF_FRAME,0
2026-06-12 16:52:23,Patience,0.0000,NO_FACE,OUT_OF_FRAME,0
2026-06-12 16:52:23,Patience,0.0000,NO_FACE,OUT_OF_FRAME,0
2026-06-12 16:52:23,Patience,0.0000,NO_FACE,OUT_OF_FRAME,0
2026-06-12 16:52:24,Patience,0.0000,NO_FACE,OUT_OF_FRAME,0
2026-06-12 16:52:24,Patience,0.0000,NO_FACE,OUT_OF_FRAME,0
2026-06-12 16:52:24,Patience,0.0000,NO_FACE,OUT_OF_FRAME,0
2026-06-12 16:52:24,Patience,0.0000,NO_FACE,OUT_OF_FRAME,0
2026-06-12 16:52:24,Patience,0.0000,NO_FACE,OUT_OF_FRAME,0
2026-06-12 16:52:24,Patience,0.0000,NO_FACE,OUT_OF_FRAME,0
2026-06-12 16:52:24,Patience,0.0000,NO_FACE,OUT_OF_FRAME,0
2026-06-12 16:52:24,Patience,0.0000,NO_FACE,OUT_OF_FRAME,0
2026-06-12 16:52:25,Patience,0.0000,NO_FACE,OUT_OF_FRAME,0
2026-06-12 16:52:25,Patience,0.0000,NO_FACE,OUT_OF_FRAME,0
2026-06-12 16:52:25,Patience,0.0000,NO_FACE,OUT_OF_FRAME,0
2026-06-12 16:52:25,Patience,0.0000,NO_FACE,OUT_OF_FRAME,0
2026-06-12 16:52:25,Patience,0.0000,NO_FACE,OUT_OF_FRAME,0
2026-06-12 16:52:25,Patience,0.0000,NO_FACE,OUT_OF_FRAME,0
2026-06-12 16:52:25,Patience,0.0000,NO_FACE,OUT_OF_FRAME,0
2026-06-12 16:52:25,Patience,0.0000,NO_FACE,OUT_OF_FRAME,0
2026-06-12 16:52:26,Patience,0.0000,NO_FACE,OUT_OF_FRAME,0
2026-06-12 16:52:26,Patience,0.0000,NO_FACE,OUT_OF_FRAME,0
2026-06-12 16:52:26,Patience,0.0000,NO_FACE,OUT_OF_FRAME,0
2026-06-12 16:52:26,Patience,0.0000,NO_FACE,OUT_OF_FRAME,0
2026-06-12 16:52:26,Patience,0.0000,NO_FACE,OUT_OF_FRAME,0
2026-06-12 16:52:26,Patience,0.0000,NO_FACE,OUT_OF_FRAME,0
2026-06-12 16:52:26,Patience,0.0000,NO_FACE,OUT_OF_FRAME,0
2026-06-12 16:52:26,Patience,0.0000,NO_FACE,OUT_OF_FRAME,0
2026-06-12 16:52:27,Patience,0.0000,NO_FACE,OUT_OF_FRAME,0
2026-06-12 16:52:27,Patience,0.0000,NO_FACE,OUT_OF_FRAME,0
2026-06-12 16:52:27,Patience,0.0000,NO_FACE,OUT_OF_FRAME,0
2026-06-12 16:52:27,Patience,0.0000,NO_FACE,OUT_OF_FRAME,0
2026-06-12 16:52:27,Patience,0.0000,NO_FACE,OUT_OF_FRAME,0
2026-06-12 16:52:27,Patience,0.0000,NO_FACE,OUT_OF_FRAME,0
2026-06-12 16:52:27,Patience,0.0000,NO_FACE,OUT_OF_FRAME,0
2026-06-12 16:52:27,Patience,0.0000,NO_FACE,OUT_OF_FRAME,0
2026-06-12 16:52:28,Patience,0.0000,NO_FACE,OUT_OF_FRAME,0
2026-06-12 16:52:28,Patience,0.0000,NO_FACE,OUT_OF_FRAME,0
2026-06-12 16:52:28,Patience,0.0000,NO_FACE,OUT_OF_FRAME,0
2026-06-12 16:52:28,Patience,0.0000,NO_FACE,OUT_OF_FRAME,0
2026-06-12 16:52:28,Patience,0.0000,NO_FACE,OUT_OF_FRAME,0
2026-06-12 16:52:28,Patience,0.0000,NO_FACE,OUT_OF_FRAME,0
2026-06-12 16:52:28,Patience,0.0000,NO_FACE,OUT_OF_FRAME,0
2026-06-12 16:52:28,Patience,0.0000,NO_FACE,OUT_OF_FRAME,0
2026-06-12 16:52:29,Patience,0.0000,NO_FACE,OUT_OF_FRAME,0
2026-06-12 16:52:29,Patience,0.0000,NO_FACE,OUT_OF_FRAME,0
2026-06-12 16:52:29,Patience,0.0000,NO_FACE,OUT_OF_FRAME,0
2026-06-12 16:52:29,Patience,0.0000,NO_FACE,OUT_OF_FRAME,0
2026-06-12 16:52:29,Patience,0.0000,NO_FACE,OUT_OF_FRAME,0
2026-06-12 16:52:29,Patience,0.0000,NO_FACE,OUT_OF_FRAME,0
2026-06-12 16:52:29,Patience,0.0000,NO_FACE,OUT_OF_FRAME,0
2026-06-12 16:52:30,Patience,0.0000,NO_FACE,OUT_OF_FRAME,0
2026-06-12 16:52:30,Patience,0.0000,NO_FACE,OUT_OF_FRAME,0
2026-06-12 16:52:30,Patience,0.0000,NO_FACE,OUT_OF_FRAME,0
2026-06-12 16:52:30,Patience,0.0000,NO_FACE,OUT_OF_FRAME,0
2026-06-12 16:52:30,Patience,0.0000,NO_FACE,OUT_OF_FRAME,0
2026-06-12 16:52:30,Patience,0.0000,NO_FACE,OUT_OF_FRAME,0
2026-06-12 16:52:30,Patience,0.0000,NO_FACE,OUT_OF_FRAME,0
2026-06-12 16:52:31,Patience,0.0000,NO_FACE,OUT_OF_FRAME,0
2026-06-12 16:52:31,Patience,0.0000,NO_FACE,OUT_OF_FRAME,0
2026-06-12 16:52:31,Patience,0.0000,NO_FACE,OUT_OF_FRAME,0
2026-06-12 16:52:31,Patience,0.0000,NO_FACE,OUT_OF_FRAME,0
2026-06-12 16:52:31,Patience,0.0000,NO_FACE,OUT_OF_FRAME,0
2026-06-12 16:52:31,Patience,0.0000,NO_FACE,OUT_OF_FRAME,0
2026-06-12 16:52:31,Patience,0.0000,NO_FACE,OUT_OF_FRAME,0
2026-06-12 16:52:32,Patience,0.0000,NO_FACE,OUT_OF_FRAME,0
2026-06-12 16:52:32,Patience,0.0000,NO_FACE,OUT_OF_FRAME,0
2026-06-12 16:52:32,Patience,0.0000,NO_FACE,OUT_OF_FRAME,0
2026-06-12 16:52:32,Patience,0.0000,NO_FACE,OUT_OF_FRAME,0
2026-06-12 16:52:32,Patience,0.0000,NO_FACE,OUT_OF_FRAME,0
2026-06-12 16:52:32,Patience,0.0000,NO_FACE,OUT_OF_FRAME,0
2026-06-12 16:52:32,Patience,0.0000,NO_FACE,OUT_OF_FRAME,0
2026-06-12 16:52:33,Patience,0.0000,NO_FACE,OUT_OF_FRAME,0
2026-06-12 16:52:33,Patience,0.0000,NO_FACE,OUT_OF_FRAME,0
2026-06-12 16:52:33,Patience,0.0000,NO_FACE,OUT_OF_FRAME,0
2026-06-12 16:52:33,Patience,0.0000,NO_FACE,OUT_OF_FRAME,0
2026-06-12 16:52:33,Patience,0.0000,NO_FACE,OUT_OF_FRAME,0
2026-06-12 16:52:33,Patience,0.0000,NO_FACE,OUT_OF_FRAME,0
2026-06-12 16:52:33,Patience,0.0000,NO_FACE,OUT_OF_FRAME,0
2026-06-12 16:52:33,Patience,0.0000,NO_FACE,OUT_OF_FRAME,0
2026-06-12 16:52:34,Patience,0.0000,NO_FACE,OUT_OF_FRAME,0
2026-06-12 16:52:34,Patience,0.0000,NO_FACE,OUT_OF_FRAME,0
2026-06-12 16:52:34,Patience,0.0000,NO_FACE,OUT_OF_FRAME,0
2026-06-12 16:52:34,Patience,0.0000,NO_FACE,OUT_OF_FRAME,0
2026-06-12 16:52:34,Patience,0.0000,NO_FACE,OUT_OF_FRAME,0
2026-06-12 16:52:34,Patience,0.0000,NO_FACE,OUT_OF_FRAME,0
2026-06-12 16:52:34,Patience,0.0000,NO_FACE,OUT_OF_FRAME,0
2026-06-12 16:52:35,Patience,0.0000,NO_FACE,OUT_OF_FRAME,0
2026-06-12 16:52:35,Patience,0.0000,NO_FACE,OUT_OF_FRAME,0
2026-06-12 16:52:35,Patience,0.0000,NO_FACE,OUT_OF_FRAME,0
2026-06-12 16:52:35,Patience,0.0000,NO_FACE,OUT_OF_FRAME,0
2026-06-12 16:52:35,Patience,0.0000,NO_FACE,OUT_OF_FRAME,0
2026-06-12 16:52:35,Patience,0.0000,NO_FACE,OUT_OF_FRAME,0
2026-06-12 16:52:35,Patience,0.0000,NO_FACE,OUT_OF_FRAME,0
2026-06-12 16:52:36,Patience,0.0000,NO_FACE,OUT_OF_FRAME,0
2026-06-12 16:52:36,Patience,0.0000,NO_FACE,OUT_OF_FRAME,0
2026-06-12 16:52:36,Patience,0.0000,NO_FACE,OUT_OF_FRAME,0
2026-06-12 16:52:36,Patience,0.0000,NO_FACE,OUT_OF_FRAME,0
2026-06-12 16:52:37,Patience,0.0000,NO_FACE,OUT_OF_FRAME,0
2026-06-12 16:52:37,Patience,0.0000,NO_FACE,OUT_OF_FRAME,0
2026-06-12 16:52:37,Patience,0.0000,NO_FACE,OUT_OF_FRAME,0
2026-06-12 16:52:38,Patience,0.0000,NO_FACE,OUT_OF_FRAME,0
2026-06-12 16:52:38,Patience,0.0000,NO_FACE,OUT_OF_FRAME,0
2026-06-12 16:52:38,Patience,0.0000,NO_FACE,OUT_OF_FRAME,0
2026-06-12 16:52:38,Patience,0.0000,NO_FACE,OUT_OF_FRAME,0
2026-06-12 16:52:38,Patience,0.0000,NO_FACE,OUT_OF_FRAME,0
2026-06-12 16:52:38,Patience,0.0000,NO_FACE,OUT_OF_FRAME,0
2026-06-12 16:52:38,Patience,0.0000,NO_FACE,OUT_OF_FRAME,0
2026-06-12 16:52:38,Patience,0.0000,NO_FACE,OUT_OF_FRAME,0
2026-06-12 16:52:39,Patience,0.0000,NO_FACE,OUT_OF_FRAME,0
2026-06-12 16:52:39,Patience,0.0000,NO_FACE,OUT_OF_FRAME,0
2026-06-12 16:52:39,Patience,0.0000,NO_FACE,OUT_OF_FRAME,0
2026-06-12 16:52:39,Patience,0.0000,NO_FACE,OUT_OF_FRAME,0
2026-06-12 16:52:39,Patience,0.0000,NO_FACE,OUT_OF_FRAME,0
2026-06-12 16:52:39,Patience,0.0000,NO_FACE,OUT_OF_FRAME,0
2026-06-12 16:52:39,Patience,0.0000,NO_FACE,OUT_OF_FRAME,0
2026-06-12 16:52:39,Patience,0.0000,NO_FACE,OUT_OF_FRAME,0
2026-06-12 16:52:40,Patience,0.0000,NO_FACE,OUT_OF_FRAME,0
2026-06-12 16:52:40,Patience,0.0000,NO_FACE,OUT_OF_FRAME,0
2026-06-12 16:52:40,Patience,0.0000,NO_FACE,OUT_OF_FRAME,0
2026-06-12 16:52:40,Patience,0.0000,NO_FACE,OUT_OF_FRAME,0
2026-06-12 16:52:40,Patience,0.0000,NO_FACE,OUT_OF_FRAME,0
2026-06-12 16:52:40,Patience,0.0000,NO_FACE,OUT_OF_FRAME,0
2026-06-12 16:52:40,Patience,0.0000,NO_FACE,OUT_OF_FRAME,0
2026-06-12 16:52:41,Patience,0.0000,NO_FACE,OUT_OF_FRAME,0
2026-06-12 16:52:41,Patience,0.0000,NO_FACE,OUT_OF_FRAME,0
2026-06-12 16:52:41,Patience,0.0000,NO_FACE,OUT_OF_FRAME,0
2026-06-12 16:52:41,Patience,0.0000,NO_FACE,OUT_OF_FRAME,0
2026-06-12 16:52:41,Patience,0.0000,NO_FACE,OUT_OF_FRAME,0
2026-06-12 16:52:41,Patience,0.0000,NO_FACE,OUT_OF_FRAME,0
2026-06-12 16:52:41,Patience,0.0000,NO_FACE,OUT_OF_FRAME,0
2026-06-12 16:52:41,Patience,0.0000,NO_FACE,OUT_OF_FRAME,0
2026-06-12 16:52:42,Patience,0.0000,NO_FACE,OUT_OF_FRAME,0
2026-06-12 16:52:42,Patience,0.0000,NO_FACE,OUT_OF_FRAME,0
2026-06-12 16:52:42,Patience,0.0000,NO_FACE,OUT_OF_FRAME,0
2026-06-12 16:52:42,Patience,0.0000,NO_FACE,OUT_OF_FRAME,0
2026-06-12 16:52:42,Patience,0.0000,NO_FACE,OUT_OF_FRAME,0
2026-06-12 16:52:42,Patience,0.0000,NO_FACE,OUT_OF_FRAME,0
2026-06-12 16:52:42,Patience,0.0000,NO_FACE,OUT_OF_FRAME,0
2026-06-12 16:52:42,Patience,0.0000,NO_FACE,OUT_OF_FRAME,0
2026-06-12 16:52:43,Patience,0.0000,NO_FACE,OUT_OF_FRAME,0
2026-06-12 16:52:43,Patience,0.0000,NO_FACE,OUT_OF_FRAME,0
2026-06-12 16:52:43,Patience,0.0000,NO_FACE,OUT_OF_FRAME,0
2026-06-12 16:52:43,Patience,0.0000,NO_FACE,OUT_OF_FRAME,0
2026-06-12 16:52:43,Patience,0.0000,NO_FACE,OUT_OF_FRAME,0
2026-06-12 16:52:43,Patience,0.0000,NO_FACE,OUT_OF_FRAME,0
2026-06-12 16:52:43,Patience,0.0000,NO_FACE,OUT_OF_FRAME,0
2026-06-12 16:52:43,Patience,0.0000,NO_FACE,OUT_OF_FRAME,0
2026-06-12 16:52:44,Patience,0.0000,NO_FACE,OUT_OF_FRAME,0
2026-06-12 16:52:44,Patience,0.0000,NO_FACE,OUT_OF_FRAME,0
2026-06-12 16:52:44,Patience,0.0000,NO_FACE,OUT_OF_FRAME,0
2026-06-12 16:52:44,Patience,0.0000,NO_FACE,OUT_OF_FRAME,0
2026-06-12 16:52:44,Patience,0.0000,NO_FACE,OUT_OF_FRAME,0
2026-06-12 16:52:44,Patience,0.0000,NO_FACE,OUT_OF_FRAME,0
2026-06-12 16:52:44,Patience,0.0000,NO_FACE,OUT_OF_FRAME,0
2026-06-12 16:52:44,Patience,0.0000,NO_FACE,OUT_OF_FRAME,0
2026-06-12 16:52:45,Patience,0.0000,NO_FACE,OUT_OF_FRAME,0
2026-06-12 16:52:45,Patience,0.0000,NO_FACE,OUT_OF_FRAME,0
2026-06-12 16:52:45,Patience,0.0000,NO_FACE,OUT_OF_FRAME,0
2026-06-12 16:52:45,Patience,0.0000,NO_FACE,OUT_OF_FRAME,0
2026-06-12 16:52:45,Patience,0.0000,NO_FACE,OUT_OF_FRAME,0
2026-06-12 16:52:45,Patience,0.0000,NO_FACE,OUT_OF_FRAME,0
2026-06-12 16:52:45,Patience,0.0000,NO_FACE,OUT_OF_FRAME,0
2026-06-12 16:52:46,Patience,0.0000,NO_FACE,OUT_OF_FRAME,0
2026-06-12 16:52:46,Patience,0.0000,NO_FACE,OUT_OF_FRAME,0
2026-06-12 16:52:46,Patience,0.0000,NO_FACE,OUT_OF_FRAME,0
2026-06-12 16:52:46,Patience,0.0000,NO_FACE,OUT_OF_FRAME,0
2026-06-12 16:52:46,Patience,0.0000,NO_FACE,OUT_OF_FRAME,0
2026-06-12 16:52:46,Patience,0.0000,NO_FACE,OUT_OF_FRAME,0
2026-06-12 16:52:46,Patience,0.0000,NO_FACE,OUT_OF_FRAME,0
2026-06-12 16:52:46,Patience,0.0000,NO_FACE,OUT_OF_FRAME,0
2026-06-12 16:52:47,Patience,0.0000,NO_FACE,OUT_OF_FRAME,0
2026-06-12 16:52:47,Patience,0.0000,NO_FACE,OUT_OF_FRAME,0
2026-06-12 16:52:47,Patience,0.0000,NO_FACE,OUT_OF_FRAME,0
2026-06-12 16:52:47,Patience,0.0000,NO_FACE,OUT_OF_FRAME,0
2026-06-12 16:52:47,Patience,0.0000,NO_FACE,OUT_OF_FRAME,0
2026-06-12 16:52:47,Patience,0.0000,NO_FACE,OUT_OF_FRAME,0
2026-06-12 16:52:47,Patience,0.0000,NO_FACE,OUT_OF_FRAME,0
2026-06-12 16:52:48,Patience,0.0000,NO_FACE,OUT_OF_FRAME,0
2026-06-12 16:52:48,Patience,0.0000,NO_FACE,OUT_OF_FRAME,0
2026-06-12 16:52:48,Patience,0.0000,NO_FACE,OUT_OF_FRAME,0
2026-06-12 16:52:48,Patience,0.0000,NO_FACE,OUT_OF_FRAME,0
2026-06-12 16:52:48,Patience,0.0000,NO_FACE,OUT_OF_FRAME,0
2026-06-12 16:52:48,Patience,0.0000,NO_FACE,OUT_OF_FRAME,0
2026-06-12 16:52:48,Patience,0.0000,NO_FACE,OUT_OF_FRAME,0
2026-06-12 16:52:48,Patience,0.0000,NO_FACE,OUT_OF_FRAME,0
2026-06-12 16:52:49,Patience,0.0000,NO_FACE,OUT_OF_FRAME,0
2026-06-12 16:52:49,Patience,0.0000,NO_FACE,OUT_OF_FRAME,0
2026-06-12 16:52:49,Patience,0.0000,NO_FACE,OUT_OF_FRAME,0
2026-06-12 16:52:49,Patience,0.0000,NO_FACE,OUT_OF_FRAME,0
2026-06-12 16:52:49,Patience,0.0000,NO_FACE,OUT_OF_FRAME,0
2026-06-12 16:52:49,Patience,0.0000,NO_FACE,OUT_OF_FRAME,0
2026-06-12 16:52:49,Patience,0.0000,NO_FACE,OUT_OF_FRAME,0
2026-06-12 16:52:49,Patience,0.0000,NO_FACE,OUT_OF_FRAME,0
2026-06-12 16:52:50,Patience,0.0000,NO_FACE,OUT_OF_FRAME,0
2026-06-12 16:52:50,Patience,0.0000,NO_FACE,OUT_OF_FRAME,0
2026-06-12 16:52:50,Patience,0.0000,NO_FACE,OUT_OF_FRAME,0
2026-06-12 16:52:50,Patience,0.0000,NO_FACE,OUT_OF_FRAME,0
2026-06-12 16:52:50,Patience,0.0000,NO_FACE,OUT_OF_FRAME,0
2026-06-12 16:52:50,Patience,0.0000,NO_FACE,OUT_OF_FRAME,0
2026-06-12 16:52:50,Patience,0.0000,NO_FACE,OUT_OF_FRAME,0
2026-06-12 16:52:50,Patience,0.0000,NO_FACE,OUT_OF_FRAME,0
2026-06-12 16:52:51,Patience,0.0000,NO_FACE,OUT_OF_FRAME,0
2026-06-12 16:52:51,Patience,0.0000,NO_FACE,OUT_OF_FRAME,0
2026-06-12 16:52:51,Patience,0.0000,NO_FACE,OUT_OF_FRAME,0
2026-06-12 16:52:51,Patience,0.0000,NO_FACE,OUT_OF_FRAME,0
2026-06-12 16:52:51,Patience,0.0000,NO_FACE,OUT_OF_FRAME,0
2026-06-12 16:52:51,Patience,0.0000,NO_FACE,OUT_OF_FRAME,0
2026-06-12 16:52:51,Patience,0.0000,NO_FACE,OUT_OF_FRAME,0
2026-06-12 16:52:51,Patience,0.0000,NO_FACE,OUT_OF_FRAME,0
2026-06-12 16:52:52,Patience,0.0000,NO_FACE,OUT_OF_FRAME,0
2026-06-12 16:52:52,Patience,0.0000,NO_FACE,OUT_OF_FRAME,0
2026-06-12 16:52:52,Patience,0.0000,NO_FACE,OUT_OF_FRAME,0
2026-06-12 16:52:52,Patience,0.0000,NO_FACE,OUT_OF_FRAME,0
2026-06-12 16:52:52,Patience,0.0000,NO_FACE,OUT_OF_FRAME,0
2026-06-12 16:52:52,Patience,0.0000,NO_FACE,OUT_OF_FRAME,0
2026-06-12 16:52:52,Patience,0.0000,NO_FACE,OUT_OF_FRAME,0
2026-06-12 16:52:52,Patience,0.0000,NO_FACE,OUT_OF_FRAME,0
2026-06-12 16:52:53,Patience,0.0000,NO_FACE,OUT_OF_FRAME,0
2026-06-12 16:52:53,Patience,0.0000,NO_FACE,OUT_OF_FRAME,0
2026-06-12 16:52:53,Patience,0.0000,NO_FACE,OUT_OF_FRAME,0
2026-06-12 16:52:53,Patience,0.0000,NO_FACE,OUT_OF_FRAME,0
2026-06-12 16:52:53,Patience,0.0000,NO_FACE,OUT_OF_FRAME,0
2026-06-12 16:52:53,Patience,0.0000,NO_FACE,OUT_OF_FRAME,0
2026-06-12 16:52:53,Patience,0.0000,NO_FACE,OUT_OF_FRAME,0
2026-06-12 16:52:53,Patience,0.0000,NO_FACE,OUT_OF_FRAME,0
2026-06-12 16:52:54,Patience,0.0000,NO_FACE,OUT_OF_FRAME,0
2026-06-12 16:52:54,Patience,0.0000,NO_FACE,OUT_OF_FRAME,0
2026-06-12 16:52:54,Patience,0.0000,NO_FACE,OUT_OF_FRAME,0
2026-06-12 16:52:54,Patience,0.0000,NO_FACE,OUT_OF_FRAME,0
2026-06-12 16:52:54,Patience,0.0000,NO_FACE,OUT_OF_FRAME,0
2026-06-12 16:52:54,Patience,0.0000,NO_FACE,OUT_OF_FRAME,0
2026-06-12 16:52:54,Patience,0.0000,NO_FACE,OUT_OF_FRAME,0
2026-06-12 16:52:54,Patience,0.0000,NO_FACE,OUT_OF_FRAME,0
2026-06-12 16:52:55,Patience,0.0000,NO_FACE,OUT_OF_FRAME,0
2026-06-12 16:52:55,Patience,0.0000,NO_FACE,OUT_OF_FRAME,0
2026-06-12 16:52:55,Patience,0.0000,NO_FACE,OUT_OF_FRAME,0
2026-06-12 16:52:55,Patience,0.0000,NO_FACE,OUT_OF_FRAME,0
2026-06-12 16:52:55,Patience,0.0000,NO_FACE,OUT_OF_FRAME,0
2026-06-12 16:52:55,Patience,0.0000,NO_FACE,OUT_OF_FRAME,0
2026-06-12 16:52:55,Patience,0.0000,NO_FACE,OUT_OF_FRAME,0
2026-06-12 16:52:55,Patience,0.0000,NO_FACE,OUT_OF_FRAME,0
2026-06-12 16:52:56,Patience,0.0000,NO_FACE,OUT_OF_FRAME,0
2026-06-12 16:52:56,Patience,0.0000,NO_FACE,OUT_OF_FRAME,0
2026-06-12 16:52:56,Patience,0.0000,NO_FACE,OUT_OF_FRAME,0
2026-06-12 16:52:56,Patience,0.0000,NO_FACE,OUT_OF_FRAME,0
2026-06-12 16:52:56,Patience,0.0000,NO_FACE,OUT_OF_FRAME,0
2026-06-12 16:52:56,Patience,0.0000,NO_FACE,OUT_OF_FRAME,0
2026-06-12 16:52:56,Patience,0.0000,NO_FACE,OUT_OF_FRAME,0
2026-06-12 16:52:57,Patience,0.0000,NO_FACE,OUT_OF_FRAME,0
2026-06-12 16:52:57,Patience,0.0000,NO_FACE,OUT_OF_FRAME,0
2026-06-12 16:52:57,Patience,0.0000,NO_FACE,OUT_OF_FRAME,0
2026-06-12 16:52:57,Patience,0.0000,NO_FACE,OUT_OF_FRAME,0
2026-06-12 16:52:57,Patience,0.0000,NO_FACE,OUT_OF_FRAME,0
2026-06-12 16:52:57,Patience,0.0000,NO_FACE,OUT_OF_FRAME,0
2026-06-12 16:52:57,Patience,0.0000,NO_FACE,OUT_OF_FRAME,0
2026-06-12 16:52:58,Patience,0.0000,NO_FACE,OUT_OF_FRAME,0
2026-06-12 16:52:58,Patience,0.0000,NO_FACE,OUT_OF_FRAME,0
2026-06-12 16:52:58,Patience,0.0000,NO_FACE,OUT_OF_FRAME,0
2026-06-12 16:52:58,Patience,0.0000,NO_FACE,OUT_OF_FRAME,0
2026-06-12 16:52:58,Patience,0.0000,NO_FACE,OUT_OF_FRAME,0
2026-06-12 16:52:58,Patience,0.0000,NO_FACE,OUT_OF_FRAME,0
2026-06-12 16:52:58,Patience,0.0000,NO_FACE,OUT_OF_FRAME,0
2026-06-12 16:52:59,Patience,0.0000,NO_FACE,OUT_OF_FRAME,0
2026-06-12 16:52:59,Patience,0.0000,NO_FACE,OUT_OF_FRAME,0
2026-06-12 16:52:59,Patience,0.0000,NO_FACE,OUT_OF_FRAME,0
2026-06-12 16:52:59,Patience,0.0000,NO_FACE,OUT_OF_FRAME,0
2026-06-12 16:52:59,Patience,0.0000,NO_FACE,OUT_OF_FRAME,0
2026-06-12 16:52:59,Patience,0.0000,NO_FACE,OUT_OF_FRAME,0
2026-06-12 16:52:59,Patience,0.0000,NO_FACE,OUT_OF_FRAME,0
2026-06-12 16:53:00,Patience,0.0000,NO_FACE,OUT_OF_FRAME,0
2026-06-12 16:53:00,Patience,0.0000,NO_FACE,OUT_OF_FRAME,0
2026-06-12 16:53:00,Patience,0.0000,NO_FACE,OUT_OF_FRAME,0
2026-06-12 16:53:00,Patience,0.0000,NO_FACE,OUT_OF_FRAME,0
2026-06-12 16:53:00,Patience,0.0000,NO_FACE,OUT_OF_FRAME,0
2026-06-12 16:53:00,Patience,0.0000,NO_FACE,OUT_OF_FRAME,0
2026-06-12 16:53:00,Patience,0.0000,NO_FACE,OUT_OF_FRAME,0
2026-06-12 16:53:00,Patience,0.0000,NO_FACE,OUT_OF_FRAME,0
2026-06-12 16:53:01,Patience,0.0000,NO_FACE,OUT_OF_FRAME,0
2026-06-12 16:53:01,Patience,0.0000,NO_FACE,OUT_OF_FRAME,0
2026-06-12 16:53:01,Patience,0.0000,NO_FACE,OUT_OF_FRAME,0
2026-06-12 16:53:01,Patience,0.0000,NO_FACE,OUT_OF_FRAME,0
2026-06-12 16:53:02,Patience,0.0000,NO_FACE,OUT_OF_FRAME,0
2026-06-12 16:53:03,Patience,0.0000,NO_FACE,OUT_OF_FRAME,0
2026-06-12 16:53:04,Patience,0.0000,NO_FACE,OUT_OF_FRAME,0
2026-06-12 16:53:04,Patience,0.0000,NO_FACE,OUT_OF_FRAME,0
2026-06-12 16:53:04,Patience,0.0000,NO_FACE,OUT_OF_FRAME,0
2026-06-12 16:53:04,Patience,0.0000,NO_FACE,OUT_OF_FRAME,0
2026-06-12 16:53:04,Patience,0.0000,NO_FACE,OUT_OF_FRAME,0
2026-06-12 16:53:04,Patience,0.0000,NO_FACE,OUT_OF_FRAME,0
2026-06-12 16:53:04,Patience,0.0000,NO_FACE,OUT_OF_FRAME,0
2026-06-12 16:53:04,Patience,0.0000,NO_FACE,OUT_OF_FRAME,0
2026-06-12 16:53:05,Patience,0.0000,NO_FACE,OUT_OF_FRAME,0
2026-06-12 16:53:05,Patience,0.0000,NO_FACE,OUT_OF_FRAME,0
2026-06-12 16:53:05,Patience,0.0000,NO_FACE,OUT_OF_FRAME,0
2026-06-12 16:53:05,Patience,0.0000,NO_FACE,OUT_OF_FRAME,0
2026-06-12 16:53:05,Patience,0.0000,NO_FACE,OUT_OF_FRAME,0
2026-06-12 16:53:05,Patience,0.0000,NO_FACE,OUT_OF_FRAME,0
2026-06-12 16:53:05,Patience,0.0000,NO_FACE,OUT_OF_FRAME,0
2026-06-12 16:53:05,Patience,0.0000,NO_FACE,OUT_OF_FRAME,0
2026-06-12 16:53:06,Patience,0.0000,NO_FACE,OUT_OF_FRAME,0
2026-06-12 16:53:06,Patience,0.0000,NO_FACE,OUT_OF_FRAME,0
2026-06-12 16:53:06,Patience,0.0000,NO_FACE,OUT_OF_FRAME,0
2026-06-12 16:53:06,Patience,0.0000,NO_FACE,OUT_OF_FRAME,0
2026-06-12 16:53:06,Patience,0.0000,NO_FACE,OUT_OF_FRAME,0
2026-06-12 16:53:06,Patience,0.0000,NO_FACE,OUT_OF_FRAME,0
2026-06-12 16:53:06,Patience,0.0000,NO_FACE,OUT_OF_FRAME,0
2026-06-12 16:53:06,Patience,0.0000,NO_FACE,OUT_OF_FRAME,0
2026-06-12 16:53:07,Patience,0.0000,NO_FACE,OUT_OF_FRAME,0
2026-06-12 16:53:07,Patience,0.0000,NO_FACE,OUT_OF_FRAME,0
2026-06-12 16:53:07,Patience,0.0000,NO_FACE,OUT_OF_FRAME,0
2026-06-12 16:53:07,Patience,0.0000,NO_FACE,OUT_OF_FRAME,0
2026-06-12 16:53:07,Patience,0.0000,NO_FACE,OUT_OF_FRAME,0
2026-06-12 16:53:07,Patience,0.0000,NO_FACE,OUT_OF_FRAME,0
2026-06-12 16:53:07,Patience,0.0000,NO_FACE,OUT_OF_FRAME,0
2026-06-12 16:53:07,Patience,0.0000,NO_FACE,OUT_OF_FRAME,0
2026-06-12 16:53:08,Patience,0.0000,NO_FACE,OUT_OF_FRAME,0
2026-06-12 16:53:08,Patience,0.0000,NO_FACE,OUT_OF_FRAME,0
2026-06-12 16:53:08,Patience,0.0000,NO_FACE,OUT_OF_FRAME,0
2026-06-12 16:53:08,Patience,0.0000,NO_FACE,OUT_OF_FRAME,0
2026-06-12 16:53:08,Patience,0.0000,NO_FACE,OUT_OF_FRAME,0
2026-06-12 16:53:08,Patience,0.0000,NO_FACE,OUT_OF_FRAME,0
2026-06-12 16:53:08,Patience,0.0000,NO_FACE,OUT_OF_FRAME,0
2026-06-12 16:53:08,Patience,0.0000,NO_FACE,OUT_OF_FRAME,0
2026-06-12 16:53:09,Patience,0.0000,NO_FACE,OUT_OF_FRAME,0
2026-06-12 16:53:09,Patience,0.0000,NO_FACE,OUT_OF_FRAME,0
2026-06-12 16:53:09,Patience,0.0000,NO_FACE,OUT_OF_FRAME,0
2026-06-12 16:53:09,Patience,0.0000,NO_FACE,OUT_OF_FRAME,0
2026-06-12 16:53:09,Patience,0.0000,NO_FACE,OUT_OF_FRAME,0
2026-06-12 16:53:09,Patience,0.0000,NO_FACE,OUT_OF_FRAME,0
2026-06-12 16:53:09,Patience,0.0000,NO_FACE,OUT_OF_FRAME,0
2026-06-12 16:53:09,Patience,0.0000,NO_FACE,OUT_OF_FRAME,0
2026-06-12 16:53:10,Patience,0.0000,NO_FACE,OUT_OF_FRAME,0
2026-06-12 16:53:10,Patience,0.0000,NO_FACE,OUT_OF_FRAME,0
2026-06-12 16:53:10,Patience,0.0000,NO_FACE,OUT_OF_FRAME,0
2026-06-12 16:53:10,Patience,0.0000,NO_FACE,OUT_OF_FRAME,0
2026-06-12 16:53:10,Patience,0.0000,NO_FACE,OUT_OF_FRAME,0
2026-06-12 16:53:10,Patience,0.0000,NO_FACE,OUT_OF_FRAME,0
2026-06-12 16:53:10,Patience,0.0000,NO_FACE,OUT_OF_FRAME,0
2026-06-12 16:53:10,Patience,0.0000,NO_FACE,OUT_OF_FRAME,0
2026-06-12 16:53:11,Patience,0.0000,NO_FACE,OUT_OF_FRAME,0
2026-06-12 16:53:11,Patience,0.0000,NO_FACE,OUT_OF_FRAME,0
2026-06-12 16:53:11,Patience,0.0000,NO_FACE,OUT_OF_FRAME,0
2026-06-12 16:53:11,Patience,0.0000,NO_FACE,OUT_OF_FRAME,0
2026-06-12 16:53:11,Patience,0.0000,NO_FACE,OUT_OF_FRAME,0
2026-06-12 16:53:11,Patience,0.0000,NO_FACE,OUT_OF_FRAME,0
2026-06-12 16:53:11,Patience,0.0000,NO_FACE,OUT_OF_FRAME,0
2026-06-12 16:53:11,Patience,0.0000,NO_FACE,OUT_OF_FRAME,0
2026-06-12 16:53:12,Patience,0.0000,NO_FACE,OUT_OF_FRAME,0
2026-06-12 16:53:12,Patience,0.0000,NO_FACE,OUT_OF_FRAME,0
2026-06-12 16:53:12,Patience,0.0000,NO_FACE,OUT_OF_FRAME,0
2026-06-12 16:53:12,Patience,0.0000,NO_FACE,OUT_OF_FRAME,0
2026-06-12 16:53:12,Patience,0.0000,NO_FACE,OUT_OF_FRAME,0
2026-06-12 16:53:12,Patience,0.0000,NO_FACE,OUT_OF_FRAME,0
2026-06-12 16:53:12,Patience,0.0000,NO_FACE,OUT_OF_FRAME,0
2026-06-12 16:53:12,Patience,0.0000,NO_FACE,OUT_OF_FRAME,0
2026-06-12 16:53:13,Patience,0.0000,NO_FACE,OUT_OF_FRAME,0
2026-06-12 16:53:13,Patience,0.0000,NO_FACE,OUT_OF_FRAME,0
2026-06-12 16:53:13,Patience,0.0000,NO_FACE,OUT_OF_FRAME,0
2026-06-12 16:53:13,Patience,0.0000,NO_FACE,OUT_OF_FRAME,0
2026-06-12 16:53:13,Patience,0.0000,NO_FACE,OUT_OF_FRAME,0
2026-06-12 16:53:13,Patience,0.0000,NO_FACE,OUT_OF_FRAME,0
2026-06-12 16:53:13,Patience,0.0000,NO_FACE,OUT_OF_FRAME,0
2026-06-12 16:53:13,Patience,0.0000,NO_FACE,OUT_OF_FRAME,0
2026-06-12 16:53:14,Patience,0.0000,NO_FACE,OUT_OF_FRAME,0
2026-06-12 16:53:14,Patience,0.0000,NO_FACE,OUT_OF_FRAME,0
2026-06-12 16:53:14,Patience,0.0000,NO_FACE,OUT_OF_FRAME,0
2026-06-12 16:53:14,Patience,0.0000,NO_FACE,OUT_OF_FRAME,0
2026-06-12 16:53:14,Patience,0.0000,NO_FACE,OUT_OF_FRAME,0
2026-06-12 16:53:14,Patience,0.0000,NO_FACE,OUT_OF_FRAME,0
2026-06-12 16:53:14,Patience,0.0000,NO_FACE,OUT_OF_FRAME,0
2026-06-12 16:53:14,Patience,0.0000,NO_FACE,OUT_OF_FRAME,0
2026-06-12 16:53:15,Patience,0.0000,NO_FACE,OUT_OF_FRAME,0
2026-06-12 16:53:15,Patience,0.0000,NO_FACE,OUT_OF_FRAME,0
2026-06-12 16:53:15,Patience,0.0000,NO_FACE,OUT_OF_FRAME,0
2026-06-12 16:53:15,Patience,0.0000,NO_FACE,OUT_OF_FRAME,0
2026-06-12 16:53:15,Patience,0.0000,NO_FACE,OUT_OF_FRAME,0
2026-06-12 16:53:15,Patience,0.0000,NO_FACE,OUT_OF_FRAME,0
2026-06-12 16:53:15,Patience,0.0000,NO_FACE,OUT_OF_FRAME,0
2026-06-12 16:53:15,Patience,0.0000,NO_FACE,OUT_OF_FRAME,0
2026-06-12 16:53:16,Patience,0.0000,NO_FACE,OUT_OF_FRAME,0
2026-06-12 16:53:16,Patience,0.0000,NO_FACE,OUT_OF_FRAME,0
2026-06-12 16:53:16,Patience,0.0000,NO_FACE,OUT_OF_FRAME,0
2026-06-12 16:53:16,Patience,0.0000,NO_FACE,OUT_OF_FRAME,0
2026-06-12 16:53:16,Patience,0.0000,NO_FACE,OUT_OF_FRAME,0
2026-06-12 16:53:16,Patience,0.0000,NO_FACE,OUT_OF_FRAME,0
2026-06-12 16:53:16,Patience,0.0000,NO_FACE,OUT_OF_FRAME,0
2026-06-12 16:53:16,Patience,0.0000,NO_FACE,OUT_OF_FRAME,0
2026-06-12 16:53:17,Patience,0.0000,NO_FACE,OUT_OF_FRAME,0
2026-06-12 16:53:17,Patience,0.0000,NO_FACE,OUT_OF_FRAME,0
2026-06-12 16:53:17,Patience,0.0000,NO_FACE,OUT_OF_FRAME,0
2026-06-12 16:53:17,Patience,0.0000,NO_FACE,OUT_OF_FRAME,0
2026-06-12 16:53:17,Patience,0.0000,NO_FACE,OUT_OF_FRAME,0
2026-06-12 16:53:17,Patience,0.0000,NO_FACE,OUT_OF_FRAME,0
2026-06-12 16:53:17,Patience,0.0000,NO_FACE,OUT_OF_FRAME,0
2026-06-12 16:53:17,Patience,0.0000,NO_FACE,OUT_OF_FRAME,0
2026-06-12 16:53:18,Patience,0.0000,NO_FACE,OUT_OF_FRAME,0
2026-06-12 16:53:18,Patience,0.0000,NO_FACE,OUT_OF_FRAME,0
2026-06-12 16:53:18,Patience,0.0000,NO_FACE,OUT_OF_FRAME,0
2026-06-12 16:53:18,Patience,0.0000,NO_FACE,OUT_OF_FRAME,0
2026-06-12 16:53:18,Patience,0.0000,NO_FACE,OUT_OF_FRAME,0
2026-06-12 16:53:18,Patience,0.0000,NO_FACE,OUT_OF_FRAME,0
2026-06-12 16:53:18,Patience,0.0000,NO_FACE,OUT_OF_FRAME,0
2026-06-12 16:53:18,Patience,0.0000,NO_FACE,OUT_OF_FRAME,0
2026-06-12 16:53:19,Patience,0.0000,NO_FACE,OUT_OF_FRAME,0
2026-06-12 16:53:19,Patience,0.0000,NO_FACE,OUT_OF_FRAME,0
2026-06-12 16:53:19,Patience,0.0000,NO_FACE,OUT_OF_FRAME,0
2026-06-12 16:53:19,Patience,0.0000,NO_FACE,OUT_OF_FRAME,0
2026-06-12 16:53:19,Patience,0.0000,NO_FACE,OUT_OF_FRAME,0
2026-06-12 16:53:19,Patience,0.0000,NO_FACE,OUT_OF_FRAME,0
2026-06-12 16:53:19,Patience,0.0000,NO_FACE,OUT_OF_FRAME,0
2026-06-12 16:53:20,Patience,0.0000,NO_FACE,OUT_OF_FRAME,0
2026-06-12 16:53:20,Patience,0.0000,NO_FACE,OUT_OF_FRAME,0
2026-06-12 16:53:20,Patience,0.0000,NO_FACE,OUT_OF_FRAME,0
2026-06-12 16:53:20,Patience,0.0000,NO_FACE,OUT_OF_FRAME,0
2026-06-12 16:53:20,Patience,0.0000,NO_FACE,OUT_OF_FRAME,0
2026-06-12 16:53:20,Patience,0.0000,NO_FACE,OUT_OF_FRAME,0
2026-06-12 16:53:20,Patience,0.0000,NO_FACE,OUT_OF_FRAME,0
2026-06-12 16:53:21,Patience,0.0000,NO_FACE,OUT_OF_FRAME,0
2026-06-12 16:53:21,Patience,0.0000,NO_FACE,OUT_OF_FRAME,0
2026-06-12 16:53:21,Patience,0.0000,NO_FACE,OUT_OF_FRAME,0
2026-06-12 16:53:21,Patience,0.0000,NO_FACE,OUT_OF_FRAME,0
2026-06-12 16:53:21,Patience,0.0000,NO_FACE,OUT_OF_FRAME,0
2026-06-12 16:53:21,Patience,0.0000,NO_FACE,OUT_OF_FRAME,0
2026-06-12 16:53:21,Patience,0.0000,NO_FACE,OUT_OF_FRAME,0
2026-06-12 16:53:22,Patience,0.0000,NO_FACE,OUT_OF_FRAME,0
2026-06-12 16:53:22,Patience,0.0000,NO_FACE,OUT_OF_FRAME,0
2026-06-12 16:53:22,Patience,0.0000,NO_FACE,OUT_OF_FRAME,0
2026-06-12 16:53:22,Patience,0.0000,NO_FACE,OUT_OF_FRAME,0
2026-06-12 16:53:22,Patience,0.0000,NO_FACE,OUT_OF_FRAME,0
2026-06-12 16:53:22,Patience,0.0000,NO_FACE,OUT_OF_FRAME,0
2026-06-12 16:53:22,Patience,0.0000,NO_FACE,OUT_OF_FRAME,0
2026-06-12 16:53:23,Patience,0.0000,NO_FACE,OUT_OF_FRAME,0
2026-06-12 16:53:23,Patience,0.0000,NO_FACE,OUT_OF_FRAME,0
2026-06-12 16:53:23,Patience,0.0000,NO_FACE,OUT_OF_FRAME,0
2026-06-12 16:53:23,Patience,0.0000,NO_FACE,OUT_OF_FRAME,0
2026-06-12 16:53:23,Patience,0.0000,NO_FACE,OUT_OF_FRAME,0
2026-06-12 16:53:23,Patience,0.0000,NO_FACE,OUT_OF_FRAME,0
2026-06-12 16:53:23,Patience,0.0000,NO_FACE,OUT_OF_FRAME,0
2026-06-12 16:53:23,Patience,0.0000,NO_FACE,OUT_OF_FRAME,0
2026-06-12 16:53:24,Patience,0.0000,NO_FACE,OUT_OF_FRAME,0
2026-06-12 16:53:24,Patience,0.0000,NO_FACE,OUT_OF_FRAME,0
2026-06-12 16:53:24,Patience,0.0000,NO_FACE,OUT_OF_FRAME,0
2026-06-12 16:53:24,Patience,0.0000,NO_FACE,OUT_OF_FRAME,0
2026-06-12 16:53:24,Patience,0.0000,NO_FACE,OUT_OF_FRAME,0
2026-06-12 16:53:24,Patience,0.0000,NO_FACE,OUT_OF_FRAME,0
2026-06-12 16:53:24,Patience,0.0000,NO_FACE,OUT_OF_FRAME,0
2026-06-12 16:53:25,Patience,0.0000,NO_FACE,OUT_OF_FRAME,0
2026-06-12 16:53:25,Patience,0.0000,NO_FACE,OUT_OF_FRAME,0
2026-06-12 16:53:25,Patience,0.0000,NO_FACE,OUT_OF_FRAME,0
2026-06-12 16:53:25,Patience,0.0000,NO_FACE,OUT_OF_FRAME,0
2026-06-12 16:53:25,Patience,0.0000,NO_FACE,OUT_OF_FRAME,0
2026-06-12 16:53:25,Patience,0.0000,NO_FACE,OUT_OF_FRAME,0
2026-06-12 16:53:25,Patience,0.0000,NO_FACE,OUT_OF_FRAME,0
2026-06-12 16:53:26,Patience,0.0000,NO_FACE,OUT_OF_FRAME,0
2026-06-12 16:53:26,Patience,0.0000,NO_FACE,OUT_OF_FRAME,0
2026-06-12 16:53:26,Patience,0.0000,NO_FACE,OUT_OF_FRAME,0
2026-06-12 16:53:26,Patience,0.0000,NO_FACE,OUT_OF_FRAME,0
2026-06-12 16:53:26,Patience,0.0000,NO_FACE,OUT_OF_FRAME,0
2026-06-12 16:53:26,Patience,0.0000,NO_FACE,OUT_OF_FRAME,0
2026-06-12 16:53:26,Patience,0.0000,NO_FACE,OUT_OF_FRAME,0
2026-06-12 16:53:27,Patience,0.0000,NO_FACE,OUT_OF_FRAME,0
2026-06-12 16:53:27,Patience,0.0000,NO_FACE,OUT_OF_FRAME,0
2026-06-12 16:53:27,Patience,0.0000,NO_FACE,OUT_OF_FRAME,0
2026-06-12 16:53:27,Patience,0.0000,NO_FACE,OUT_OF_FRAME,0
2026-06-12 16:53:27,Patience,0.0000,NO_FACE,OUT_OF_FRAME,0
2026-06-12 16:53:27,Patience,0.0000,NO_FACE,OUT_OF_FRAME,0
2026-06-12 16:53:27,Patience,0.0000,NO_FACE,OUT_OF_FRAME,0
2026-06-12 16:53:27,Patience,0.0000,NO_FACE,OUT_OF_FRAME,0
2026-06-12 16:53:28,Patience,0.0000,NO_FACE,OUT_OF_FRAME,0
2026-06-12 16:53:28,Patience,0.0000,NO_FACE,OUT_OF_FRAME,0
2026-06-12 16:53:28,Patience,0.0000,NO_FACE,OUT_OF_FRAME,0
2026-06-12 16:53:28,Patience,0.0000,NO_FACE,OUT_OF_FRAME,0
2026-06-12 16:53:28,Patience,0.0000,NO_FACE,OUT_OF_FRAME,0
2026-06-12 16:53:28,Patience,0.0000,NO_FACE,OUT_OF_FRAME,0
2026-06-12 16:53:28,Patience,0.0000,NO_FACE,OUT_OF_FRAME,0
2026-06-12 16:53:29,Patience,0.0000,NO_FACE,OUT_OF_FRAME,0
2026-06-12 16:53:29,Patience,0.0000,NO_FACE,OUT_OF_FRAME,0
2026-06-12 16:53:29,Patience,0.0000,NO_FACE,OUT_OF_FRAME,0
2026-06-12 16:53:29,Patience,0.0000,NO_FACE,OUT_OF_FRAME,0
2026-06-12 16:53:29,Patience,0.0000,NO_FACE,OUT_OF_FRAME,0
2026-06-12 16:53:29,Patience,0.0000,NO_FACE,OUT_OF_FRAME,0
2026-06-12 16:53:29,Patience,0.0000,NO_FACE,OUT_OF_FRAME,0
2026-06-12 16:53:30,Patience,0.0000,NO_FACE,OUT_OF_FRAME,0
2026-06-12 16:53:30,Patience,0.0000,NO_FACE,OUT_OF_FRAME,0
2026-06-12 16:53:30,Patience,0.0000,NO_FACE,OUT_OF_FRAME,0
2026-06-12 16:53:30,Patience,0.0000,NO_FACE,OUT_OF_FRAME,0
2026-06-12 16:53:30,Patience,0.0000,NO_FACE,OUT_OF_FRAME,0
2026-06-12 16:53:30,Patience,0.0000,NO_FACE,OUT_OF_FRAME,0
2026-06-12 16:53:30,Patience,0.0000,NO_FACE,OUT_OF_FRAME,0
2026-06-12 16:53:31,Patience,0.0000,NO_FACE,OUT_OF_FRAME,0
2026-06-12 16:53:31,Patience,0.0000,NO_FACE,OUT_OF_FRAME,0
2026-06-12 16:53:31,Patience,0.0000,NO_FACE,OUT_OF_FRAME,0
2026-06-12 16:53:31,Patience,0.0000,NO_FACE,OUT_OF_FRAME,0
2026-06-12 16:53:31,Patience,0.0000,NO_FACE,OUT_OF_FRAME,0
2026-06-12 16:53:31,Patience,0.0000,NO_FACE,OUT_OF_FRAME,0
2026-06-12 16:53:31,Patience,0.0000,NO_FACE,OUT_OF_FRAME,0
2026-06-12 16:53:32,Patience,0.0000,NO_FACE,OUT_OF_FRAME,0
2026-06-12 16:53:32,Patience,0.0000,NO_FACE,OUT_OF_FRAME,0
2026-06-12 16:53:32,Patience,0.0000,NO_FACE,OUT_OF_FRAME,0
2026-06-12 16:53:32,Patience,0.0000,NO_FACE,OUT_OF_FRAME,0
2026-06-12 16:53:32,Patience,0.0000,NO_FACE,OUT_OF_FRAME,0
2026-06-12 16:53:32,Patience,0.0000,NO_FACE,OUT_OF_FRAME,0
2026-06-12 16:53:32,Patience,0.0000,NO_FACE,OUT_OF_FRAME,0
2026-06-12 16:53:32,Patience,0.0000,NO_FACE,OUT_OF_FRAME,0
2026-06-12 16:53:33,Patience,0.0000,NO_FACE,OUT_OF_FRAME,0
2026-06-12 16:53:33,Patience,0.0000,NO_FACE,OUT_OF_FRAME,0
2026-06-12 16:53:33,Patience,0.0000,NO_FACE,OUT_OF_FRAME,0
2026-06-12 16:53:33,Patience,0.0000,NO_FACE,OUT_OF_FRAME,0
2026-06-12 16:53:33,Patience,0.0000,NO_FACE,OUT_OF_FRAME,0
2026-06-12 16:53:33,Patience,0.0000,NO_FACE,OUT_OF_FRAME,0
2026-06-12 16:53:33,Patience,0.0000,NO_FACE,OUT_OF_FRAME,0
2026-06-12 16:53:34,Patience,0.0000,NO_FACE,OUT_OF_FRAME,0
2026-06-12 16:53:34,Patience,0.0000,NO_FACE,OUT_OF_FRAME,0
2026-06-12 16:53:34,Patience,0.0000,NO_FACE,OUT_OF_FRAME,0
2026-06-12 16:53:34,Patience,0.0000,NO_FACE,OUT_OF_FRAME,0
2026-06-12 16:53:34,Patience,0.0000,NO_FACE,OUT_OF_FRAME,0
2026-06-12 16:53:34,Patience,0.0000,NO_FACE,OUT_OF_FRAME,0
2026-06-12 16:53:34,Patience,0.0000,NO_FACE,OUT_OF_FRAME,0
2026-06-12 16:53:35,Patience,0.0000,NO_FACE,OUT_OF_FRAME,0
2026-06-12 16:53:35,Patience,0.0000,NO_FACE,OUT_OF_FRAME,0
2026-06-12 16:53:35,Patience,0.0000,NO_FACE,OUT_OF_FRAME,0
2026-06-12 16:53:35,Patience,0.0000,NO_FACE,OUT_OF_FRAME,0
2026-06-12 16:53:35,Patience,0.0000,NO_FACE,OUT_OF_FRAME,0
2026-06-12 16:53:35,Patience,0.0000,NO_FACE,OUT_OF_FRAME,0
2026-06-12 16:53:35,Patience,0.0000,NO_FACE,OUT_OF_FRAME,0
2026-06-12 16:53:36,Patience,0.0000,NO_FACE,OUT_OF_FRAME,0
2026-06-12 16:53:36,Patience,0.0000,NO_FACE,OUT_OF_FRAME,0
2026-06-12 16:53:36,Patience,0.0000,NO_FACE,OUT_OF_FRAME,0
2026-06-12 16:53:36,Patience,0.0000,NO_FACE,OUT_OF_FRAME,0
2026-06-12 16:53:36,Patience,0.0000,NO_FACE,OUT_OF_FRAME,0
2026-06-12 16:53:36,Patience,0.0000,NO_FACE,OUT_OF_FRAME,0
2026-06-12 16:53:36,Patience,0.0000,NO_FACE,OUT_OF_FRAME,0
2026-06-12 16:53:37,Patience,0.0000,NO_FACE,OUT_OF_FRAME,0
2026-06-12 16:53:37,Patience,0.0000,NO_FACE,OUT_OF_FRAME,0
2026-06-12 16:53:37,Patience,0.0000,NO_FACE,OUT_OF_FRAME,0
2026-06-12 16:53:37,Patience,0.0000,NO_FACE,OUT_OF_FRAME,0
2026-06-12 16:53:37,Patience,0.0000,NO_FACE,OUT_OF_FRAME,0
2026-06-12 16:53:37,Patience,0.0000,NO_FACE,OUT_OF_FRAME,0
2026-06-12 16:53:37,Patience,0.0000,NO_FACE,OUT_OF_FRAME,0
2026-06-12 16:53:37,Patience,0.0000,NO_FACE,OUT_OF_FRAME,0
2026-06-12 16:53:38,Patience,0.0000,NO_FACE,OUT_OF_FRAME,0
2026-06-12 16:53:38,Patience,0.0000,NO_FACE,OUT_OF_FRAME,0
2026-06-12 16:53:38,Patience,0.0000,NO_FACE,OUT_OF_FRAME,0
2026-06-12 16:53:38,Patience,0.0000,NO_FACE,OUT_OF_FRAME,0
2026-06-12 16:53:38,Patience,0.0000,NO_FACE,OUT_OF_FRAME,0
2026-06-12 16:53:38,Patience,0.0000,NO_FACE,OUT_OF_FRAME,0
2026-06-12 16:53:38,Patience,0.0000,NO_FACE,OUT_OF_FRAME,0
2026-06-12 16:53:39,Patience,0.0000,NO_FACE,OUT_OF_FRAME,0
2026-06-12 16:53:39,Patience,0.0000,NO_FACE,OUT_OF_FRAME,0
2026-06-12 16:53:39,Patience,0.0000,NO_FACE,OUT_OF_FRAME,0
2026-06-12 16:53:39,Patience,0.0000,NO_FACE,OUT_OF_FRAME,0
2026-06-12 16:53:39,Patience,0.0000,NO_FACE,OUT_OF_FRAME,0
2026-06-12 16:53:39,Patience,0.0000,NO_FACE,OUT_OF_FRAME,0
2026-06-12 16:53:39,Patience,0.0000,NO_FACE,OUT_OF_FRAME,0
2026-06-12 16:53:40,Patience,0.0000,NO_FACE,OUT_OF_FRAME,0
2026-06-12 16:53:40,Patience,0.0000,NO_FACE,OUT_OF_FRAME,0
2026-06-12 16:53:40,Patience,0.0000,NO_FACE,OUT_OF_FRAME,0
2026-06-12 16:53:40,Patience,0.0000,NO_FACE,OUT_OF_FRAME,0
2026-06-12 16:53:40,Patience,0.0000,NO_FACE,OUT_OF_FRAME,0
2026-06-12 16:53:40,Patience,0.0000,NO_FACE,OUT_OF_FRAME,0
2026-06-12 16:53:40,Patience,0.0000,NO_FACE,OUT_OF_FRAME,0
2026-06-12 16:53:41,Patience,0.0000,NO_FACE,OUT_OF_FRAME,0
2026-06-12 16:53:41,Patience,0.0000,NO_FACE,OUT_OF_FRAME,0
2026-06-12 16:53:41,Patience,0.0000,NO_FACE,OUT_OF_FRAME,0
2026-06-12 16:53:41,Patience,0.0000,NO_FACE,OUT_OF_FRAME,0
2026-06-12 16:53:41,Patience,0.0000,NO_FACE,OUT_OF_FRAME,0
2026-06-12 16:53:41,Patience,0.0000,NO_FACE,OUT_OF_FRAME,0
2026-06-12 16:53:41,Patience,0.0000,NO_FACE,OUT_OF_FRAME,0
2026-06-12 16:53:42,Patience,0.0000,NO_FACE,OUT_OF_FRAME,0
2026-06-12 16:53:42,Patience,0.0000,NO_FACE,OUT_OF_FRAME,0
2026-06-12 16:53:42,Patience,0.0000,NO_FACE,OUT_OF_FRAME,0
2026-06-12 16:53:42,Patience,0.0000,NO_FACE,OUT_OF_FRAME,0
2026-06-12 16:53:42,Patience,0.0000,NO_FACE,OUT_OF_FRAME,0
2026-06-12 16:53:42,Patience,0.0000,NO_FACE,OUT_OF_FRAME,0
2026-06-12 16:53:42,Patience,0.0000,NO_FACE,OUT_OF_FRAME,0
2026-06-12 16:53:42,Patience,0.0000,NO_FACE,OUT_OF_FRAME,0
2026-06-12 16:53:43,Patience,0.0000,NO_FACE,OUT_OF_FRAME,0
2026-06-12 16:53:43,Patience,0.0000,NO_FACE,OUT_OF_FRAME,0
2026-06-12 16:53:43,Patience,0.0000,NO_FACE,OUT_OF_FRAME,0
2026-06-12 16:53:43,Patience,0.0000,NO_FACE,OUT_OF_FRAME,0
2026-06-12 16:53:43,Patience,0.0000,NO_FACE,OUT_OF_FRAME,0
2026-06-12 16:53:43,Patience,0.0000,NO_FACE,OUT_OF_FRAME,0
2026-06-12 16:53:43,Patience,0.0000,NO_FACE,OUT_OF_FRAME,0
2026-06-12 16:53:44,Patience,0.0000,NO_FACE,OUT_OF_FRAME,0
2026-06-12 16:53:44,Patience,0.0000,NO_FACE,OUT_OF_FRAME,0
2026-06-12 16:53:44,Patience,0.0000,NO_FACE,OUT_OF_FRAME,0
2026-06-12 16:53:44,Patience,0.0000,NO_FACE,OUT_OF_FRAME,0
2026-06-12 16:53:44,Patience,0.0000,NO_FACE,OUT_OF_FRAME,0
2026-06-12 16:53:44,Patience,0.0000,NO_FACE,OUT_OF_FRAME,0
2026-06-12 16:53:44,Patience,0.0000,NO_FACE,OUT_OF_FRAME,0
2026-06-12 16:53:45,Patience,0.0000,NO_FACE,OUT_OF_FRAME,0
2026-06-12 16:53:45,Patience,0.0000,NO_FACE,OUT_OF_FRAME,0
2026-06-12 16:53:45,Patience,0.0000,NO_FACE,OUT_OF_FRAME,0
2026-06-12 16:53:45,Patience,0.0000,NO_FACE,OUT_OF_FRAME,0
2026-06-12 16:53:45,Patience,0.0000,NO_FACE,OUT_OF_FRAME,0
2026-06-12 16:53:45,Patience,0.0000,NO_FACE,OUT_OF_FRAME,0
2026-06-12 16:53:45,Patience,0.0000,NO_FACE,OUT_OF_FRAME,0
2026-06-12 16:53:46,Patience,0.0000,NO_FACE,OUT_OF_FRAME,0
2026-06-12 16:53:46,Patience,0.0000,NO_FACE,OUT_OF_FRAME,0
2026-06-12 16:53:46,Patience,0.0000,NO_FACE,OUT_OF_FRAME,0
2026-06-12 16:53:46,Patience,0.0000,NO_FACE,OUT_OF_FRAME,0
2026-06-12 16:53:46,Patience,0.0000,NO_FACE,OUT_OF_FRAME,0
2026-06-12 16:53:46,Patience,0.0000,NO_FACE,OUT_OF_FRAME,0
2026-06-12 16:53:46,Patience,0.0000,NO_FACE,OUT_OF_FRAME,0
2026-06-12 16:53:47,Patience,0.0000,NO_FACE,OUT_OF_FRAME,0
2026-06-12 16:53:47,Patience,0.0000,NO_FACE,OUT_OF_FRAME,0
2026-06-12 16:53:47,Patience,0.0000,NO_FACE,OUT_OF_FRAME,0
2026-06-12 16:53:47,Patience,0.0000,NO_FACE,OUT_OF_FRAME,0
2026-06-12 16:53:47,Patience,0.0000,NO_FACE,OUT_OF_FRAME,0
2026-06-12 16:53:47,Patience,0.0000,NO_FACE,OUT_OF_FRAME,0
2026-06-12 16:53:47,Patience,0.0000,NO_FACE,OUT_OF_FRAME,0
2026-06-12 16:53:47,Patience,0.0000,NO_FACE,OUT_OF_FRAME,0
2026-06-12 16:53:48,Patience,0.0000,NO_FACE,OUT_OF_FRAME,0
2026-06-12 16:53:48,Patience,0.0000,NO_FACE,OUT_OF_FRAME,0
2026-06-12 16:53:48,Patience,0.0000,NO_FACE,OUT_OF_FRAME,0
2026-06-12 16:53:48,Patience,0.0000,NO_FACE,OUT_OF_FRAME,0
2026-06-12 16:53:48,Patience,0.0000,NO_FACE,OUT_OF_FRAME,0
2026-06-12 16:53:48,Patience,0.0000,NO_FACE,OUT_OF_FRAME,0
2026-06-12 16:53:48,Patience,0.0000,NO_FACE,OUT_OF_FRAME,0
2026-06-12 16:53:49,Patience,0.0000,NO_FACE,OUT_OF_FRAME,0
2026-06-12 16:53:49,Patience,0.0000,NO_FACE,OUT_OF_FRAME,0
2026-06-12 16:53:49,Patience,0.0000,NO_FACE,OUT_OF_FRAME,0
2026-06-12 16:53:49,Patience,0.0000,NO_FACE,OUT_OF_FRAME,0
2026-06-12 16:53:49,Patience,0.0000,NO_FACE,OUT_OF_FRAME,0
2026-06-12 16:53:49,Patience,0.0000,NO_FACE,OUT_OF_FRAME,0
2026-06-12 16:53:49,Patience,0.0000,NO_FACE,OUT_OF_FRAME,0
2026-06-12 16:53:50,Patience,0.0000,NO_FACE,OUT_OF_FRAME,0
2026-06-12 16:53:50,Patience,0.0000,NO_FACE,OUT_OF_FRAME,0
2026-06-12 16:53:50,Patience,0.0000,NO_FACE,OUT_OF_FRAME,0
2026-06-12 16:53:50,Patience,0.0000,NO_FACE,OUT_OF_FRAME,0
2026-06-12 16:53:50,Patience,0.0000,NO_FACE,OUT_OF_FRAME,0
2026-06-12 16:53:50,Patience,0.0000,NO_FACE,OUT_OF_FRAME,0
2026-06-12 16:53:50,Patience,0.0000,NO_FACE,OUT_OF_FRAME,0
2026-06-12 16:53:51,Patience,0.0000,NO_FACE,OUT_OF_FRAME,0
2026-06-12 16:53:51,Patience,0.0000,NO_FACE,OUT_OF_FRAME,0
2026-06-12 16:53:51,Patience,0.0000,NO_FACE,OUT_OF_FRAME,0
2026-06-12 16:53:51,Patience,0.0000,NO_FACE,OUT_OF_FRAME,0
2026-06-12 16:53:51,Patience,0.0000,NO_FACE,OUT_OF_FRAME,0
2026-06-12 16:53:51,Patience,0.0000,NO_FACE,OUT_OF_FRAME,0
2026-06-12 16:53:51,Patience,0.0000,NO_FACE,OUT_OF_FRAME,0
2026-06-12 16:53:51,Patience,0.0000,NO_FACE,OUT_OF_FRAME,0
2026-06-12 16:53:52,Patience,0.0000,NO_FACE,OUT_OF_FRAME,0
2026-06-12 16:53:52,Patience,0.0000,NO_FACE,OUT_OF_FRAME,0
2026-06-12 16:53:52,Patience,0.0000,NO_FACE,OUT_OF_FRAME,0
2026-06-12 16:53:52,Patience,0.0000,NO_FACE,OUT_OF_FRAME,0
2026-06-12 16:53:52,Patience,0.0000,NO_FACE,OUT_OF_FRAME,0
2026-06-12 16:53:52,Patience,0.0000,NO_FACE,OUT_OF_FRAME,0
2026-06-12 16:53:52,Patience,0.0000,NO_FACE,OUT_OF_FRAME,0
2026-06-12 16:53:53,Patience,0.0000,NO_FACE,OUT_OF_FRAME,0
2026-06-12 16:53:53,Patience,0.0000,NO_FACE,OUT_OF_FRAME,0
2026-06-12 16:53:53,Patience,0.0000,NO_FACE,OUT_OF_FRAME,0
2026-06-12 16:53:53,Patience,0.0000,NO_FACE,OUT_OF_FRAME,0
2026-06-12 16:53:53,Patience,0.0000,NO_FACE,OUT_OF_FRAME,0
2026-06-12 16:53:53,Patience,0.0000,NO_FACE,OUT_OF_FRAME,0
2026-06-12 16:53:53,Patience,0.0000,NO_FACE,OUT_OF_FRAME,0
2026-06-12 16:53:54,Patience,0.0000,NO_FACE,OUT_OF_FRAME,0
2026-06-12 16:53:54,Patience,0.0000,NO_FACE,OUT_OF_FRAME,0
2026-06-12 16:53:54,Patience,0.0000,NO_FACE,OUT_OF_FRAME,0
2026-06-12 16:53:54,Patience,0.0000,NO_FACE,OUT_OF_FRAME,0
2026-06-12 16:53:54,Patience,0.0000,NO_FACE,OUT_OF_FRAME,0
2026-06-12 16:53:54,Patience,0.0000,NO_FACE,OUT_OF_FRAME,0
2026-06-12 16:53:54,Patience,0.0000,NO_FACE,OUT_OF_FRAME,0
2026-06-12 16:53:55,Patience,0.0000,NO_FACE,OUT_OF_FRAME,0
2026-06-12 16:53:55,Patience,0.0000,NO_FACE,OUT_OF_FRAME,0
2026-06-12 16:53:55,Patience,0.0000,NO_FACE,OUT_OF_FRAME,0
2026-06-12 16:53:55,Patience,0.0000,NO_FACE,OUT_OF_FRAME,0
2026-06-12 16:53:55,Patience,0.0000,NO_FACE,OUT_OF_FRAME,0
2026-06-12 16:53:55,Patience,0.0000,NO_FACE,OUT_OF_FRAME,0
2026-06-12 16:53:55,Patience,0.0000,NO_FACE,OUT_OF_FRAME,0
2026-06-12 16:53:56,Patience,0.0000,NO_FACE,OUT_OF_FRAME,0
2026-06-12 16:53:56,Patience,0.0000,NO_FACE,OUT_OF_FRAME,0
2026-06-12 16:53:56,Patience,0.0000,NO_FACE,OUT_OF_FRAME,0
2026-06-12 16:53:56,Patience,0.0000,NO_FACE,OUT_OF_FRAME,0
2026-06-12 16:53:56,Patience,0.0000,NO_FACE,OUT_OF_FRAME,0
2026-06-12 16:53:56,Patience,0.0000,NO_FACE,OUT_OF_FRAME,0
2026-06-12 16:53:56,Patience,0.0000,NO_FACE,OUT_OF_FRAME,0
2026-06-12 16:53:56,Patience,0.0000,NO_FACE,OUT_OF_FRAME,0
2026-06-12 16:53:57,Patience,0.0000,NO_FACE,OUT_OF_FRAME,0
2026-06-12 16:53:57,Patience,0.0000,NO_FACE,OUT_OF_FRAME,0
2026-06-12 16:53:57,Patience,0.0000,NO_FACE,OUT_OF_FRAME,0
2026-06-12 16:53:57,Patience,0.0000,NO_FACE,OUT_OF_FRAME,0
2026-06-12 16:53:57,Patience,0.0000,NO_FACE,OUT_OF_FRAME,0
2026-06-12 16:53:57,Patience,0.0000,NO_FACE,OUT_OF_FRAME,0
2026-06-12 16:53:57,Patience,0.0000,NO_FACE,OUT_OF_FRAME,0
2026-06-12 16:53:58,Patience,0.0000,NO_FACE,OUT_OF_FRAME,0
2026-06-12 16:53:58,Patience,0.0000,NO_FACE,OUT_OF_FRAME,0
2026-06-12 16:53:58,Patience,0.0000,NO_FACE,OUT_OF_FRAME,0
2026-06-12 16:53:58,Patience,0.0000,NO_FACE,OUT_OF_FRAME,0
2026-06-12 16:53:58,Patience,0.0000,NO_FACE,OUT_OF_FRAME,0
2026-06-12 16:53:58,Patience,0.0000,NO_FACE,OUT_OF_FRAME,0
2026-06-12 16:53:58,Patience,0.0000,NO_FACE,OUT_OF_FRAME,0
2026-06-12 16:53:59,Patience,0.0000,NO_FACE,OUT_OF_FRAME,0
2026-06-12 16:53:59,Patience,0.0000,NO_FACE,OUT_OF_FRAME,0
2026-06-12 16:53:59,Patience,0.0000,NO_FACE,OUT_OF_FRAME,0
2026-06-12 16:53:59,Patience,0.0000,NO_FACE,OUT_OF_FRAME,0
2026-06-12 16:53:59,Patience,0.0000,NO_FACE,OUT_OF_FRAME,0
2026-06-12 16:53:59,Patience,0.0000,NO_FACE,OUT_OF_FRAME,0
2026-06-12 16:53:59,Patience,0.0000,NO_FACE,OUT_OF_FRAME,0
2026-06-12 16:54:00,Patience,0.0000,NO_FACE,OUT_OF_FRAME,0
2026-06-12 16:54:00,Patience,0.0000,NO_FACE,OUT_OF_FRAME,0
2026-06-12 16:54:00,Patience,0.0000,NO_FACE,OUT_OF_FRAME,0
2026-06-12 16:54:00,Patience,0.0000,NO_FACE,OUT_OF_FRAME,0
2026-06-12 16:54:00,Patience,0.0000,NO_FACE,OUT_OF_FRAME,0
2026-06-12 16:54:00,Patience,0.0000,NO_FACE,OUT_OF_FRAME,0
2026-06-12 16:54:00,Patience,0.0000,NO_FACE,OUT_OF_FRAME,0
2026-06-12 16:54:00,Patience,0.0000,NO_FACE,OUT_OF_FRAME,0
2026-06-12 16:54:01,Patience,0.0000,NO_FACE,OUT_OF_FRAME,0
2026-06-12 16:54:01,Patience,0.0000,NO_FACE,OUT_OF_FRAME,0
2026-06-12 16:54:01,Patience,0.0000,NO_FACE,OUT_OF_FRAME,0
2026-06-12 16:54:01,Patience,0.0000,NO_FACE,OUT_OF_FRAME,0
2026-06-12 16:54:01,Patience,0.0000,NO_FACE,OUT_OF_FRAME,0
2026-06-12 16:54:01,Patience,0.0000,NO_FACE,OUT_OF_FRAME,0
2026-06-12 16:54:01,Patience,0.0000,NO_FACE,OUT_OF_FRAME,0
2026-06-12 16:54:02,Patience,0.0000,NO_FACE,OUT_OF_FRAME,0
2026-06-12 16:54:02,Patience,0.0000,NO_FACE,OUT_OF_FRAME,0
2026-06-12 16:54:02,Patience,0.0000,NO_FACE,OUT_OF_FRAME,0
2026-06-12 16:54:02,Patience,0.0000,NO_FACE,OUT_OF_FRAME,0
2026-06-12 16:54:02,Patience,0.0000,NO_FACE,OUT_OF_FRAME,0
2026-06-12 16:54:02,Patience,0.0000,NO_FACE,OUT_OF_FRAME,0
2026-06-12 16:54:02,Patience,0.0000,NO_FACE,OUT_OF_FRAME,0
2026-06-12 16:54:03,Patience,0.0000,NO_FACE,OUT_OF_FRAME,0
2026-06-12 16:54:03,Patience,0.0000,NO_FACE,OUT_OF_FRAME,0
2026-06-12 16:54:04,Patience,0.0000,NO_FACE,OUT_OF_FRAME,0
2026-06-12 16:54:06,Patience,0.0000,NO_FACE,OUT_OF_FRAME,0
2026-06-12 16:54:07,Patience,0.4086,MOVE_RIGHT,MOVED_RIGHT,1
2026-06-12 16:54:09,Patience,0.4004,MOVE_RIGHT,MOVED_RIGHT,1
2026-06-12 16:54:11,Patience,0.4440,MOVE_RIGHT,MOVED_RIGHT,1
2026-06-12 16:54:13,Patience,0.4133,MOVE_RIGHT,MOVED_RIGHT,1
2026-06-12 16:54:15,Patience,0.0000,NO_FACE,OUT_OF_FRAME,0
2026-06-12 16:54:17,Patience,0.4339,MOVE_RIGHT,MOVED_RIGHT,1
2026-06-12 16:54:19,Patience,0.0000,NO_FACE,OUT_OF_FRAME,0
2026-06-12 16:54:22,Patience,0.0000,NO_FACE,OUT_OF_FRAME,0
2026-06-12 16:54:22,Patience,0.0000,NO_FACE,OUT_OF_FRAME,0
2026-06-12 16:54:22,Patience,0.0000,NO_FACE,OUT_OF_FRAME,0
2026-06-12 16:54:22,Patience,0.0000,NO_FACE,OUT_OF_FRAME,0
2026-06-12 16:54:22,Patience,0.0000,NO_FACE,OUT_OF_FRAME,0
2026-06-12 16:54:23,Patience,0.0000,NO_FACE,OUT_OF_FRAME,0
2026-06-12 16:54:23,Patience,0.0000,NO_FACE,OUT_OF_FRAME,0
2026-06-12 16:54:23,Patience,0.0000,NO_FACE,OUT_OF_FRAME,0
2026-06-12 16:54:23,Patience,0.0000,NO_FACE,OUT_OF_FRAME,0
2026-06-12 16:54:23,Patience,0.0000,NO_FACE,OUT_OF_FRAME,0
2026-06-12 16:54:23,Patience,0.0000,NO_FACE,OUT_OF_FRAME,0
2026-06-12 16:54:23,Patience,0.0000,NO_FACE,OUT_OF_FRAME,0
2026-06-12 16:54:24,Patience,0.0000,NO_FACE,OUT_OF_FRAME,0
2026-06-12 16:54:24,Patience,0.0000,NO_FACE,OUT_OF_FRAME,0
2026-06-12 16:54:24,Patience,0.0000,NO_FACE,OUT_OF_FRAME,0
2026-06-12 16:54:24,Patience,0.0000,NO_FACE,OUT_OF_FRAME,0
2026-06-12 16:54:24,Patience,0.0000,NO_FACE,OUT_OF_FRAME,0
2026-06-12 16:54:24,Patience,0.0000,NO_FACE,OUT_OF_FRAME,0
2026-06-12 16:54:24,Patience,0.0000,NO_FACE,OUT_OF_FRAME,0
2026-06-12 16:54:24,Patience,0.0000,NO_FACE,OUT_OF_FRAME,0
2026-06-12 16:54:25,Patience,0.0000,NO_FACE,OUT_OF_FRAME,0
2026-06-12 16:54:25,Patience,0.0000,NO_FACE,OUT_OF_FRAME,0
2026-06-12 16:54:25,Patience,0.0000,NO_FACE,OUT_OF_FRAME,0
2026-06-12 16:54:25,Patience,0.0000,NO_FACE,OUT_OF_FRAME,0
2026-06-12 16:54:25,Patience,0.0000,NO_FACE,OUT_OF_FRAME,0
2026-06-12 16:54:25,Patience,0.0000,NO_FACE,OUT_OF_FRAME,0
2026-06-12 16:54:25,Patience,0.0000,NO_FACE,OUT_OF_FRAME,0
2026-06-12 16:54:26,Patience,0.0000,NO_FACE,OUT_OF_FRAME,0
2026-06-12 16:54:26,Patience,0.0000,NO_FACE,OUT_OF_FRAME,0
2026-06-12 16:54:26,Patience,0.0000,NO_FACE,OUT_OF_FRAME,0
2026-06-12 16:54:26,Patience,0.0000,NO_FACE,OUT_OF_FRAME,0
2026-06-12 16:54:26,Patience,0.0000,NO_FACE,OUT_OF_FRAME,0
2026-06-12 16:54:26,Patience,0.0000,NO_FACE,OUT_OF_FRAME,0
2026-06-12 16:54:26,Patience,0.0000,NO_FACE,OUT_OF_FRAME,0
2026-06-12 16:54:27,Patience,0.0000,NO_FACE,OUT_OF_FRAME,0
2026-06-12 16:54:27,Patience,0.0000,NO_FACE,OUT_OF_FRAME,0
2026-06-12 16:54:27,Patience,0.0000,NO_FACE,OUT_OF_FRAME,0
2026-06-12 16:54:27,Patience,0.0000,NO_FACE,OUT_OF_FRAME,0
2026-06-12 16:54:27,Patience,0.0000,NO_FACE,OUT_OF_FRAME,0
2026-06-12 16:54:27,Patience,0.0000,NO_FACE,OUT_OF_FRAME,0
2026-06-12 16:54:27,Patience,0.0000,NO_FACE,OUT_OF_FRAME,0
2026-06-12 16:54:28,Patience,0.0000,NO_FACE,OUT_OF_FRAME,0
2026-06-12 16:54:28,Patience,0.0000,NO_FACE,OUT_OF_FRAME,0
2026-06-12 16:54:28,Patience,0.0000,NO_FACE,OUT_OF_FRAME,0
2026-06-12 16:54:28,Patience,0.0000,NO_FACE,OUT_OF_FRAME,0
2026-06-12 16:54:28,Patience,0.0000,NO_FACE,OUT_OF_FRAME,0
2026-06-12 16:54:28,Patience,0.0000,NO_FACE,OUT_OF_FRAME,0
2026-06-12 16:54:28,Patience,0.0000,NO_FACE,OUT_OF_FRAME,0
2026-06-12 16:54:28,Patience,0.0000,NO_FACE,OUT_OF_FRAME,0
2026-06-12 16:54:29,Patience,0.0000,NO_FACE,OUT_OF_FRAME,0
2026-06-12 16:54:29,Patience,0.0000,NO_FACE,OUT_OF_FRAME,0
2026-06-12 16:54:29,Patience,0.0000,NO_FACE,OUT_OF_FRAME,0
2026-06-12 16:54:29,Patience,0.0000,NO_FACE,OUT_OF_FRAME,0
2026-06-12 16:54:29,Patience,0.0000,NO_FACE,OUT_OF_FRAME,0
2026-06-12 16:54:29,Patience,0.0000,NO_FACE,OUT_OF_FRAME,0
2026-06-12 16:54:29,Patience,0.0000,NO_FACE,OUT_OF_FRAME,0
2026-06-12 16:54:30,Patience,0.0000,NO_FACE,OUT_OF_FRAME,0
2026-06-12 16:54:30,Patience,0.0000,NO_FACE,OUT_OF_FRAME,0
2026-06-12 16:54:30,Patience,0.0000,NO_FACE,OUT_OF_FRAME,0
2026-06-12 16:54:30,Patience,0.0000,NO_FACE,OUT_OF_FRAME,0
2026-06-12 16:54:30,Patience,0.0000,NO_FACE,OUT_OF_FRAME,0
2026-06-12 16:54:30,Patience,0.0000,NO_FACE,OUT_OF_FRAME,0
2026-06-12 16:54:30,Patience,0.0000,NO_FACE,OUT_OF_FRAME,0
2026-06-12 16:54:31,Patience,0.0000,NO_FACE,OUT_OF_FRAME,0
2026-06-12 16:54:31,Patience,0.0000,NO_FACE,OUT_OF_FRAME,0
2026-06-12 16:54:31,Patience,0.0000,NO_FACE,OUT_OF_FRAME,0
2026-06-12 16:54:31,Patience,0.0000,NO_FACE,OUT_OF_FRAME,0
2026-06-12 16:54:31,Patience,0.0000,NO_FACE,OUT_OF_FRAME,0
2026-06-12 16:54:31,Patience,0.0000,NO_FACE,OUT_OF_FRAME,0
2026-06-12 16:54:31,Patience,0.0000,NO_FACE,OUT_OF_FRAME,0
2026-06-12 16:54:32,Patience,0.0000,NO_FACE,OUT_OF_FRAME,0
2026-06-12 16:54:32,Patience,0.0000,NO_FACE,OUT_OF_FRAME,0
2026-06-12 16:54:32,Patience,0.0000,NO_FACE,OUT_OF_FRAME,0
2026-06-12 16:54:32,Patience,0.0000,NO_FACE,OUT_OF_FRAME,0
2026-06-12 16:54:32,Patience,0.0000,NO_FACE,OUT_OF_FRAME,0
2026-06-12 16:54:32,Patience,0.0000,NO_FACE,OUT_OF_FRAME,0
2026-06-12 16:54:32,Patience,0.0000,NO_FACE,OUT_OF_FRAME,0
2026-06-12 16:54:33,Patience,0.0000,NO_FACE,OUT_OF_FRAME,0
2026-06-12 16:54:33,Patience,0.0000,NO_FACE,OUT_OF_FRAME,0
2026-06-12 16:54:33,Patience,0.0000,NO_FACE,OUT_OF_FRAME,0
2026-06-12 16:54:33,Patience,0.0000,NO_FACE,OUT_OF_FRAME,0
2026-06-12 16:54:33,Patience,0.0000,NO_FACE,OUT_OF_FRAME,0
2026-06-12 16:54:33,Patience,0.0000,NO_FACE,OUT_OF_FRAME,0
2026-06-12 16:54:33,Patience,0.0000,NO_FACE,OUT_OF_FRAME,0
2026-06-12 16:54:34,Patience,0.0000,NO_FACE,OUT_OF_FRAME,0
2026-06-12 16:54:34,Patience,0.0000,NO_FACE,OUT_OF_FRAME,0
2026-06-12 16:54:34,Patience,0.0000,NO_FACE,OUT_OF_FRAME,0
2026-06-12 16:54:34,Patience,0.0000,NO_FACE,OUT_OF_FRAME,0
2026-06-12 16:54:34,Patience,0.0000,NO_FACE,OUT_OF_FRAME,0
2026-06-12 16:54:34,Patience,0.0000,NO_FACE,OUT_OF_FRAME,0
2026-06-12 16:54:34,Patience,0.0000,NO_FACE,OUT_OF_FRAME,0
2026-06-12 16:54:34,Patience,0.0000,NO_FACE,OUT_OF_FRAME,0
2026-06-12 16:54:35,Patience,0.0000,NO_FACE,OUT_OF_FRAME,0
2026-06-12 16:54:35,Patience,0.0000,NO_FACE,OUT_OF_FRAME,0
2026-06-12 16:54:35,Patience,0.0000,NO_FACE,OUT_OF_FRAME,0
2026-06-12 16:54:35,Patience,0.0000,NO_FACE,OUT_OF_FRAME,0
2026-06-12 16:54:35,Patience,0.0000,NO_FACE,OUT_OF_FRAME,0
2026-06-12 16:54:35,Patience,0.0000,NO_FACE,OUT_OF_FRAME,0
2026-06-12 16:54:35,Patience,0.0000,NO_FACE,OUT_OF_FRAME,0
2026-06-12 16:54:36,Patience,0.0000,NO_FACE,OUT_OF_FRAME,0
2026-06-12 16:54:36,Patience,0.0000,NO_FACE,OUT_OF_FRAME,0
2026-06-12 16:54:36,Patience,0.0000,NO_FACE,OUT_OF_FRAME,0
2026-06-12 16:54:36,Patience,0.0000,NO_FACE,OUT_OF_FRAME,0
2026-06-12 16:54:36,Patience,0.0000,NO_FACE,OUT_OF_FRAME,0
2026-06-12 16:54:36,Patience,0.0000,NO_FACE,OUT_OF_FRAME,0
2026-06-12 16:54:36,Patience,0.0000,NO_FACE,OUT_OF_FRAME,0
2026-06-12 16:54:37,Patience,0.0000,NO_FACE,OUT_OF_FRAME,0
2026-06-12 16:54:37,Patience,0.0000,NO_FACE,OUT_OF_FRAME,0
2026-06-12 16:54:37,Patience,0.0000,NO_FACE,OUT_OF_FRAME,0
2026-06-12 16:54:37,Patience,0.0000,NO_FACE,OUT_OF_FRAME,0
2026-06-12 16:54:37,Patience,0.0000,NO_FACE,OUT_OF_FRAME,0
2026-06-12 16:54:37,Patience,0.0000,NO_FACE,OUT_OF_FRAME,0
2026-06-12 16:54:37,Patience,0.0000,NO_FACE,OUT_OF_FRAME,0
2026-06-12 16:54:37,Patience,0.0000,NO_FACE,OUT_OF_FRAME,0
2026-06-12 16:54:38,Patience,0.0000,NO_FACE,OUT_OF_FRAME,0
2026-06-12 16:54:38,Patience,0.0000,NO_FACE,OUT_OF_FRAME,0
2026-06-12 16:54:38,Patience,0.0000,NO_FACE,OUT_OF_FRAME,0
2026-06-12 16:54:38,Patience,0.0000,NO_FACE,OUT_OF_FRAME,0
2026-06-12 16:54:38,Patience,0.0000,NO_FACE,OUT_OF_FRAME,0
2026-06-12 16:54:38,Patience,0.0000,NO_FACE,OUT_OF_FRAME,0
2026-06-12 16:54:38,Patience,0.0000,NO_FACE,OUT_OF_FRAME,0
2026-06-12 16:54:38,Patience,0.0000,NO_FACE,OUT_OF_FRAME,0
2026-06-12 16:54:39,Patience,0.0000,NO_FACE,OUT_OF_FRAME,0
2026-06-12 16:54:39,Patience,0.0000,NO_FACE,OUT_OF_FRAME,0
2026-06-12 16:54:39,Patience,0.0000,NO_FACE,OUT_OF_FRAME,0
2026-06-12 16:54:39,Patience,0.0000,NO_FACE,OUT_OF_FRAME,0
2026-06-12 16:54:39,Patience,0.0000,NO_FACE,OUT_OF_FRAME,0
2026-06-12 16:54:39,Patience,0.0000,NO_FACE,OUT_OF_FRAME,0
2026-06-12 16:54:39,Patience,0.0000,NO_FACE,OUT_OF_FRAME,0
2026-06-12 16:54:39,Patience,0.0000,NO_FACE,OUT_OF_FRAME,0
2026-06-12 16:54:40,Patience,0.0000,NO_FACE,OUT_OF_FRAME,0
2026-06-12 16:54:40,Patience,0.0000,NO_FACE,OUT_OF_FRAME,0
2026-06-12 16:54:40,Patience,0.0000,NO_FACE,OUT_OF_FRAME,0
2026-06-12 16:54:40,Patience,0.0000,NO_FACE,OUT_OF_FRAME,0
2026-06-12 16:54:40,Patience,0.0000,NO_FACE,OUT_OF_FRAME,0
2026-06-12 16:54:40,Patience,0.0000,NO_FACE,OUT_OF_FRAME,0
2026-06-12 16:54:40,Patience,0.0000,NO_FACE,OUT_OF_FRAME,0
2026-06-12 16:54:40,Patience,0.0000,NO_FACE,OUT_OF_FRAME,0
2026-06-12 16:54:41,Patience,0.0000,NO_FACE,OUT_OF_FRAME,0
2026-06-12 16:54:41,Patience,0.0000,NO_FACE,OUT_OF_FRAME,0
2026-06-12 16:54:41,Patience,0.0000,NO_FACE,OUT_OF_FRAME,0
2026-06-12 16:54:41,Patience,0.0000,NO_FACE,OUT_OF_FRAME,0
2026-06-12 16:54:41,Patience,0.0000,NO_FACE,OUT_OF_FRAME,0
2026-06-12 16:54:41,Patience,0.0000,NO_FACE,OUT_OF_FRAME,0
2026-06-12 16:54:41,Patience,0.0000,NO_FACE,OUT_OF_FRAME,0
2026-06-12 16:54:41,Patience,0.0000,NO_FACE,OUT_OF_FRAME,0
2026-06-12 16:54:42,Patience,0.0000,NO_FACE,OUT_OF_FRAME,0
2026-06-12 16:54:42,Patience,0.0000,NO_FACE,OUT_OF_FRAME,0
2026-06-12 16:54:42,Patience,0.0000,NO_FACE,OUT_OF_FRAME,0
2026-06-12 16:54:42,Patience,0.0000,NO_FACE,OUT_OF_FRAME,0
2026-06-12 16:54:42,Patience,0.0000,NO_FACE,OUT_OF_FRAME,0
2026-06-12 16:54:42,Patience,0.0000,NO_FACE,OUT_OF_FRAME,0
2026-06-12 16:54:42,Patience,0.0000,NO_FACE,OUT_OF_FRAME,0
2026-06-12 16:54:42,Patience,0.0000,NO_FACE,OUT_OF_FRAME,0
2026-06-12 16:54:43,Patience,0.0000,NO_FACE,OUT_OF_FRAME,0
2026-06-12 16:54:43,Patience,0.0000,NO_FACE,OUT_OF_FRAME,0
2026-06-12 16:54:43,Patience,0.0000,NO_FACE,OUT_OF_FRAME,0
2026-06-12 16:54:43,Patience,0.0000,NO_FACE,OUT_OF_FRAME,0
2026-06-12 16:54:43,Patience,0.0000,NO_FACE,OUT_OF_FRAME,0
2026-06-12 16:54:43,Patience,0.0000,NO_FACE,OUT_OF_FRAME,0
2026-06-12 16:54:43,Patience,0.0000,NO_FACE,OUT_OF_FRAME,0
2026-06-12 16:54:43,Patience,0.0000,NO_FACE,OUT_OF_FRAME,0
2026-06-12 16:54:44,Patience,0.0000,NO_FACE,OUT_OF_FRAME,0
2026-06-12 16:54:44,Patience,0.0000,NO_FACE,OUT_OF_FRAME,0
2026-06-12 16:54:44,Patience,0.0000,NO_FACE,OUT_OF_FRAME,0
2026-06-12 16:54:44,Patience,0.0000,NO_FACE,OUT_OF_FRAME,0
2026-06-12 16:54:44,Patience,0.0000,NO_FACE,OUT_OF_FRAME,0
2026-06-12 16:54:44,Patience,0.0000,NO_FACE,OUT_OF_FRAME,0
2026-06-12 16:54:44,Patience,0.0000,NO_FACE,OUT_OF_FRAME,0
2026-06-12 16:54:44,Patience,0.0000,NO_FACE,OUT_OF_FRAME,0
2026-06-12 16:54:45,Patience,0.0000,NO_FACE,OUT_OF_FRAME,0
2026-06-12 16:54:45,Patience,0.0000,NO_FACE,OUT_OF_FRAME,0
2026-06-12 16:54:45,Patience,0.0000,NO_FACE,OUT_OF_FRAME,0
2026-06-12 16:54:45,Patience,0.0000,NO_FACE,OUT_OF_FRAME,0
2026-06-12 16:54:45,Patience,0.0000,NO_FACE,OUT_OF_FRAME,0
2026-06-12 16:54:45,Patience,0.0000,NO_FACE,OUT_OF_FRAME,0
2026-06-12 16:54:45,Patience,0.0000,NO_FACE,OUT_OF_FRAME,0
2026-06-12 16:54:45,Patience,0.0000,NO_FACE,OUT_OF_FRAME,0
2026-06-12 16:54:46,Patience,0.0000,NO_FACE,OUT_OF_FRAME,0
2026-06-12 16:54:46,Patience,0.0000,NO_FACE,OUT_OF_FRAME,0
2026-06-12 16:54:46,Patience,0.0000,NO_FACE,OUT_OF_FRAME,0
2026-06-12 16:54:46,Patience,0.0000,NO_FACE,OUT_OF_FRAME,0
2026-06-12 16:54:46,Patience,0.0000,NO_FACE,OUT_OF_FRAME,0
2026-06-12 16:54:46,Patience,0.0000,NO_FACE,OUT_OF_FRAME,0
2026-06-12 16:54:46,Patience,0.0000,NO_FACE,OUT_OF_FRAME,0
2026-06-12 16:54:47,Patience,0.0000,NO_FACE,OUT_OF_FRAME,0
2026-06-12 16:54:48,Patience,0.0000,NO_FACE,OUT_OF_FRAME,0
2026-06-12 16:54:48,Patience,0.0000,NO_FACE,OUT_OF_FRAME,0
2026-06-12 16:54:48,Patience,0.0000,NO_FACE,OUT_OF_FRAME,0
2026-06-12 16:54:48,Patience,0.0000,NO_FACE,OUT_OF_FRAME,0
2026-06-12 16:54:48,Patience,0.0000,NO_FACE,OUT_OF_FRAME,0
2026-06-12 16:54:48,Patience,0.0000,NO_FACE,OUT_OF_FRAME,0
2026-06-12 16:54:48,Patience,0.0000,NO_FACE,OUT_OF_FRAME,0
2026-06-12 16:54:49,Patience,0.0000,NO_FACE,OUT_OF_FRAME,0
2026-06-12 16:54:49,Patience,0.0000,NO_FACE,OUT_OF_FRAME,0
2026-06-12 16:54:49,Patience,0.0000,NO_FACE,OUT_OF_FRAME,0
2026-06-12 16:54:49,Patience,0.0000,NO_FACE,OUT_OF_FRAME,0
2026-06-12 16:54:49,Patience,0.0000,NO_FACE,OUT_OF_FRAME,0
2026-06-12 16:54:49,Patience,0.0000,NO_FACE,OUT_OF_FRAME,0
2026-06-12 16:54:49,Patience,0.0000,NO_FACE,OUT_OF_FRAME,0
2026-06-12 16:54:49,Patience,0.0000,NO_FACE,OUT_OF_FRAME,0
2026-06-12 16:54:50,Patience,0.0000,NO_FACE,OUT_OF_FRAME,0
2026-06-12 16:54:50,Patience,0.0000,NO_FACE,OUT_OF_FRAME,0
2026-06-12 16:54:50,Patience,0.0000,NO_FACE,OUT_OF_FRAME,0
2026-06-12 16:54:50,Patience,0.0000,NO_FACE,OUT_OF_FRAME,0
2026-06-12 16:54:50,Patience,0.0000,NO_FACE,OUT_OF_FRAME,0
2026-06-12 16:54:50,Patience,0.0000,NO_FACE,OUT_OF_FRAME,0
2026-06-12 16:54:50,Patience,0.0000,NO_FACE,OUT_OF_FRAME,0
2026-06-12 16:54:50,Patience,0.0000,NO_FACE,OUT_OF_FRAME,0
2026-06-12 16:54:51,Patience,0.0000,NO_FACE,OUT_OF_FRAME,0
2026-06-12 16:54:51,Patience,0.0000,NO_FACE,OUT_OF_FRAME,0
2026-06-12 16:54:51,Patience,0.0000,NO_FACE,OUT_OF_FRAME,0
2026-06-12 16:54:51,Patience,0.0000,NO_FACE,OUT_OF_FRAME,0
2026-06-12 16:54:51,Patience,0.0000,NO_FACE,OUT_OF_FRAME,0
2026-06-12 16:54:51,Patience,0.0000,NO_FACE,OUT_OF_FRAME,0
2026-06-12 16:54:51,Patience,0.0000,NO_FACE,OUT_OF_FRAME,0
2026-06-12 16:54:52,Patience,0.0000,NO_FACE,OUT_OF_FRAME,0
2026-06-12 16:54:52,Patience,0.0000,NO_FACE,OUT_OF_FRAME,0
2026-06-12 16:54:52,Patience,0.0000,NO_FACE,OUT_OF_FRAME,0
2026-06-12 16:54:52,Patience,0.0000,NO_FACE,OUT_OF_FRAME,0
2026-06-12 16:54:52,Patience,0.0000,NO_FACE,OUT_OF_FRAME,0
2026-06-12 16:54:52,Patience,0.0000,NO_FACE,OUT_OF_FRAME,0
2026-06-12 16:54:52,Patience,0.0000,NO_FACE,OUT_OF_FRAME,0
2026-06-12 16:54:53,Patience,0.0000,NO_FACE,OUT_OF_FRAME,0
2026-06-12 16:54:53,Patience,0.0000,NO_FACE,OUT_OF_FRAME,0
2026-06-12 16:54:53,Patience,0.0000,NO_FACE,OUT_OF_FRAME,0
2026-06-12 16:54:53,Patience,0.0000,NO_FACE,OUT_OF_FRAME,0
2026-06-12 16:54:53,Patience,0.0000,NO_FACE,OUT_OF_FRAME,0
2026-06-12 16:54:53,Patience,0.0000,NO_FACE,OUT_OF_FRAME,0
2026-06-12 16:54:53,Patience,0.0000,NO_FACE,OUT_OF_FRAME,0
2026-06-12 16:54:54,Patience,0.0000,NO_FACE,OUT_OF_FRAME,0
2026-06-12 16:54:54,Patience,0.0000,NO_FACE,OUT_OF_FRAME,0
2026-06-12 16:54:54,Patience,0.0000,NO_FACE,OUT_OF_FRAME,0
2026-06-12 16:54:54,Patience,0.0000,NO_FACE,OUT_OF_FRAME,0
2026-06-12 16:54:54,Patience,0.0000,NO_FACE,OUT_OF_FRAME,0
2026-06-12 16:54:54,Patience,0.0000,NO_FACE,OUT_OF_FRAME,0
2026-06-12 16:54:54,Patience,0.0000,NO_FACE,OUT_OF_FRAME,0
2026-06-12 16:54:54,Patience,0.0000,NO_FACE,OUT_OF_FRAME,0
2026-06-12 16:54:55,Patience,0.0000,NO_FACE,OUT_OF_FRAME,0
2026-06-12 16:54:55,Patience,0.0000,NO_FACE,OUT_OF_FRAME,0
2026-06-12 16:54:55,Patience,0.0000,NO_FACE,OUT_OF_FRAME,0
2026-06-12 16:54:55,Patience,0.0000,NO_FACE,OUT_OF_FRAME,0
2026-06-12 16:54:55,Patience,0.0000,NO_FACE,OUT_OF_FRAME,0
2026-06-12 16:54:55,Patience,0.0000,NO_FACE,OUT_OF_FRAME,0
2026-06-12 16:54:55,Patience,0.0000,NO_FACE,OUT_OF_FRAME,0
2026-06-12 16:54:56,Patience,0.0000,NO_FACE,OUT_OF_FRAME,0
2026-06-12 16:54:56,Patience,0.0000,NO_FACE,OUT_OF_FRAME,0
2026-06-12 16:54:56,Patience,0.0000,NO_FACE,OUT_OF_FRAME,0
2026-06-12 16:54:56,Patience,0.0000,NO_FACE,OUT_OF_FRAME,0
2026-06-12 16:54:56,Patience,0.0000,NO_FACE,OUT_OF_FRAME,0
2026-06-12 16:54:56,Patience,0.0000,NO_FACE,OUT_OF_FRAME,0
2026-06-12 16:54:56,Patience,0.0000,NO_FACE,OUT_OF_FRAME,0
2026-06-12 16:54:56,Patience,0.0000,NO_FACE,OUT_OF_FRAME,0
2026-06-12 16:54:57,Patience,0.0000,NO_FACE,OUT_OF_FRAME,0
2026-06-12 16:54:57,Patience,0.0000,NO_FACE,OUT_OF_FRAME,0
2026-06-12 16:54:57,Patience,0.0000,NO_FACE,OUT_OF_FRAME,0
2026-06-12 16:54:57,Patience,0.0000,NO_FACE,OUT_OF_FRAME,0
2026-06-12 16:54:58,Patience,0.0000,NO_FACE,OUT_OF_FRAME,0
2026-06-12 16:54:58,Patience,0.0000,NO_FACE,OUT_OF_FRAME,0
2026-06-12 16:54:58,Patience,0.0000,NO_FACE,OUT_OF_FRAME,0
2026-06-12 16:54:58,Patience,0.0000,NO_FACE,OUT_OF_FRAME,0
2026-06-12 16:54:58,Patience,0.0000,NO_FACE,OUT_OF_FRAME,0
2026-06-12 16:54:58,Patience,0.0000,NO_FACE,OUT_OF_FRAME,0
2026-06-12 16:54:58,Patience,0.0000,NO_FACE,OUT_OF_FRAME,0
2026-06-12 16:54:59,Patience,0.0000,NO_FACE,OUT_OF_FRAME,0
2026-06-12 16:54:59,Patience,0.0000,NO_FACE,OUT_OF_FRAME,0
2026-06-12 16:54:59,Patience,0.0000,NO_FACE,OUT_OF_FRAME,0
2026-06-12 16:54:59,Patience,0.0000,NO_FACE,OUT_OF_FRAME,0
2026-06-12 16:54:59,Patience,0.0000,NO_FACE,OUT_OF_FRAME,0
2026-06-12 16:54:59,Patience,0.0000,NO_FACE,OUT_OF_FRAME,0
2026-06-12 16:54:59,Patience,0.0000,NO_FACE,OUT_OF_FRAME,0
2026-06-12 16:55:00,Patience,0.0000,NO_FACE,OUT_OF_FRAME,0
2026-06-12 16:55:00,Patience,0.0000,NO_FACE,OUT_OF_FRAME,0
2026-06-12 16:55:00,Patience,0.0000,NO_FACE,OUT_OF_FRAME,0
2026-06-12 16:55:00,Patience,0.0000,NO_FACE,OUT_OF_FRAME,0
2026-06-12 16:55:00,Patience,0.0000,NO_FACE,OUT_OF_FRAME,0
2026-06-12 16:55:00,Patience,0.0000,NO_FACE,OUT_OF_FRAME,0
2026-06-12 16:55:00,Patience,0.0000,NO_FACE,OUT_OF_FRAME,0
2026-06-12 16:55:00,Patience,0.0000,NO_FACE,OUT_OF_FRAME,0
2026-06-12 16:55:01,Patience,0.0000,NO_FACE,OUT_OF_FRAME,0
2026-06-12 16:55:01,Patience,0.0000,NO_FACE,OUT_OF_FRAME,0
2026-06-12 16:55:01,Patience,0.0000,NO_FACE,OUT_OF_FRAME,0
2026-06-12 16:55:01,Patience,0.0000,NO_FACE,OUT_OF_FRAME,0
2026-06-12 16:55:01,Patience,0.0000,NO_FACE,OUT_OF_FRAME,0
2026-06-12 16:55:01,Patience,0.0000,NO_FACE,OUT_OF_FRAME,0
2026-06-12 16:55:01,Patience,0.0000,NO_FACE,OUT_OF_FRAME,0
2026-06-12 16:55:02,Patience,0.0000,NO_FACE,OUT_OF_FRAME,0
2026-06-12 16:55:02,Patience,0.0000,NO_FACE,OUT_OF_FRAME,0
2026-06-12 16:55:02,Patience,0.0000,NO_FACE,OUT_OF_FRAME,0
2026-06-12 16:55:02,Patience,0.0000,NO_FACE,OUT_OF_FRAME,0
2026-06-12 16:55:02,Patience,0.0000,NO_FACE,OUT_OF_FRAME,0
2026-06-12 16:55:02,Patience,0.0000,NO_FACE,OUT_OF_FRAME,0
2026-06-12 16:55:02,Patience,0.0000,NO_FACE,OUT_OF_FRAME,0
2026-06-12 16:55:02,Patience,0.0000,NO_FACE,OUT_OF_FRAME,0
2026-06-12 16:55:03,Patience,0.0000,NO_FACE,OUT_OF_FRAME,0
2026-06-12 16:55:03,Patience,0.0000,NO_FACE,OUT_OF_FRAME,0
2026-06-12 16:55:03,Patience,0.0000,NO_FACE,OUT_OF_FRAME,0
2026-06-12 16:55:03,Patience,0.0000,NO_FACE,OUT_OF_FRAME,0
2026-06-12 16:55:03,Patience,0.0000,NO_FACE,OUT_OF_FRAME,0
2026-06-12 16:55:03,Patience,0.0000,NO_FACE,OUT_OF_FRAME,0
2026-06-12 16:55:03,Patience,0.0000,NO_FACE,OUT_OF_FRAME,0
2026-06-12 16:55:03,Patience,0.0000,NO_FACE,OUT_OF_FRAME,0
2026-06-12 16:55:04,Patience,0.0000,NO_FACE,OUT_OF_FRAME,0
2026-06-12 16:55:04,Patience,0.0000,NO_FACE,OUT_OF_FRAME,0
2026-06-12 16:55:04,Patience,0.0000,NO_FACE,OUT_OF_FRAME,0
2026-06-12 16:55:04,Patience,0.0000,NO_FACE,OUT_OF_FRAME,0
2026-06-12 16:55:04,Patience,0.0000,NO_FACE,OUT_OF_FRAME,0
2026-06-12 16:55:04,Patience,0.0000,NO_FACE,OUT_OF_FRAME,0
2026-06-12 16:55:04,Patience,0.0000,NO_FACE,OUT_OF_FRAME,0
2026-06-12 16:55:04,Patience,0.0000,NO_FACE,OUT_OF_FRAME,0
2026-06-12 16:55:05,Patience,0.0000,NO_FACE,OUT_OF_FRAME,0
2026-06-12 16:55:05,Patience,0.0000,NO_FACE,OUT_OF_FRAME,0
2026-06-12 16:55:05,Patience,0.0000,NO_FACE,OUT_OF_FRAME,0
2026-06-12 16:55:05,Patience,0.0000,NO_FACE,OUT_OF_FRAME,0
2026-06-12 16:55:05,Patience,0.0000,NO_FACE,OUT_OF_FRAME,0
2026-06-12 16:55:05,Patience,0.0000,NO_FACE,OUT_OF_FRAME,0
2026-06-12 16:55:05,Patience,0.0000,NO_FACE,OUT_OF_FRAME,0
2026-06-12 16:55:05,Patience,0.0000,NO_FACE,OUT_OF_FRAME,0
2026-06-12 16:55:05,Patience,0.0000,NO_FACE,OUT_OF_FRAME,0
2026-06-12 16:55:06,Patience,0.0000,NO_FACE,OUT_OF_FRAME,0
2026-06-12 16:55:06,Patience,0.0000,NO_FACE,OUT_OF_FRAME,0
2026-06-12 16:55:06,Patience,0.0000,NO_FACE,OUT_OF_FRAME,0
2026-06-12 16:55:06,Patience,0.0000,NO_FACE,OUT_OF_FRAME,0
2026-06-12 16:55:06,Patience,0.0000,NO_FACE,OUT_OF_FRAME,0
2026-06-12 16:55:06,Patience,0.0000,NO_FACE,OUT_OF_FRAME,0
2026-06-12 16:55:06,Patience,0.0000,NO_FACE,OUT_OF_FRAME,0
2026-06-12 16:55:06,Patience,0.0000,NO_FACE,OUT_OF_FRAME,0
2026-06-12 16:55:07,Patience,0.0000,NO_FACE,OUT_OF_FRAME,0
2026-06-12 16:55:07,Patience,0.0000,NO_FACE,OUT_OF_FRAME,0
2026-06-12 16:55:07,Patience,0.0000,NO_FACE,OUT_OF_FRAME,0
2026-06-12 16:55:07,Patience,0.0000,NO_FACE,OUT_OF_FRAME,0
2026-06-12 16:55:07,Patience,0.0000,NO_FACE,OUT_OF_FRAME,0
2026-06-12 16:55:07,Patience,0.0000,NO_FACE,OUT_OF_FRAME,0
2026-06-12 16:55:07,Patience,0.0000,NO_FACE,OUT_OF_FRAME,0
2026-06-12 16:55:07,Patience,0.0000,NO_FACE,OUT_OF_FRAME,0
2026-06-12 16:55:08,Patience,0.0000,NO_FACE,OUT_OF_FRAME,0
2026-06-12 16:55:08,Patience,0.0000,NO_FACE,OUT_OF_FRAME,0
2026-06-12 16:55:08,Patience,0.0000,NO_FACE,OUT_OF_FRAME,0
2026-06-12 16:55:08,Patience,0.0000,NO_FACE,OUT_OF_FRAME,0
2026-06-12 16:55:08,Patience,0.0000,NO_FACE,OUT_OF_FRAME,0
2026-06-12 16:55:08,Patience,0.0000,NO_FACE,OUT_OF_FRAME,0
2026-06-12 16:55:08,Patience,0.0000,NO_FACE,OUT_OF_FRAME,0
2026-06-12 16:55:08,Patience,0.0000,NO_FACE,OUT_OF_FRAME,0
2026-06-12 16:55:08,Patience,0.0000,NO_FACE,OUT_OF_FRAME,0
2026-06-12 16:55:09,Patience,0.0000,NO_FACE,OUT_OF_FRAME,0
2026-06-12 16:55:09,Patience,0.0000,NO_FACE,OUT_OF_FRAME,0
2026-06-12 16:55:09,Patience,0.0000,NO_FACE,OUT_OF_FRAME,0
2026-06-12 16:55:09,Patience,0.0000,NO_FACE,OUT_OF_FRAME,0
2026-06-12 16:55:09,Patience,0.0000,NO_FACE,OUT_OF_FRAME,0
2026-06-12 16:55:09,Patience,0.0000,NO_FACE,OUT_OF_FRAME,0
2026-06-12 16:55:09,Patience,0.0000,NO_FACE,OUT_OF_FRAME,0
2026-06-12 16:55:10,Patience,0.0000,NO_FACE,OUT_OF_FRAME,0
2026-06-12 16:55:10,Patience,0.0000,NO_FACE,OUT_OF_FRAME,0
2026-06-12 16:55:10,Patience,0.0000,NO_FACE,OUT_OF_FRAME,0
2026-06-12 16:55:10,Patience,0.0000,NO_FACE,OUT_OF_FRAME,0
2026-06-12 16:55:10,Patience,0.0000,NO_FACE,OUT_OF_FRAME,0
2026-06-12 16:55:10,Patience,0.0000,NO_FACE,OUT_OF_FRAME,0
2026-06-12 16:55:10,Patience,0.0000,NO_FACE,OUT_OF_FRAME,0
2026-06-12 16:55:10,Patience,0.0000,NO_FACE,OUT_OF_FRAME,0
2026-06-12 16:55:10,Patience,0.0000,NO_FACE,OUT_OF_FRAME,0
2026-06-12 16:55:11,Patience,0.0000,NO_FACE,OUT_OF_FRAME,0
2026-06-12 16:55:11,Patience,0.0000,NO_FACE,OUT_OF_FRAME,0
2026-06-12 16:55:11,Patience,0.0000,NO_FACE,OUT_OF_FRAME,0
2026-06-12 16:55:11,Patience,0.0000,NO_FACE,OUT_OF_FRAME,0
2026-06-12 16:55:11,Patience,0.0000,NO_FACE,OUT_OF_FRAME,0
2026-06-12 16:55:11,Patience,0.0000,NO_FACE,OUT_OF_FRAME,0
2026-06-12 16:55:11,Patience,0.0000,NO_FACE,OUT_OF_FRAME,0
2026-06-12 16:55:11,Patience,0.0000,NO_FACE,OUT_OF_FRAME,0
2026-06-12 16:55:12,Patience,0.0000,NO_FACE,OUT_OF_FRAME,0
2026-06-12 16:55:12,Patience,0.0000,NO_FACE,OUT_OF_FRAME,0
2026-06-12 16:55:12,Patience,0.0000,NO_FACE,OUT_OF_FRAME,0
2026-06-12 16:55:12,Patience,0.0000,NO_FACE,OUT_OF_FRAME,0
2026-06-12 16:55:12,Patience,0.0000,NO_FACE,OUT_OF_FRAME,0
2026-06-12 16:55:12,Patience,0.0000,NO_FACE,OUT_OF_FRAME,0
2026-06-12 16:55:12,Patience,0.0000,NO_FACE,OUT_OF_FRAME,0
2026-06-12 16:55:12,Patience,0.0000,NO_FACE,OUT_OF_FRAME,0
2026-06-12 16:55:13,Patience,0.0000,NO_FACE,OUT_OF_FRAME,0
2026-06-12 16:55:13,Patience,0.0000,NO_FACE,OUT_OF_FRAME,0
2026-06-12 16:55:13,Patience,0.0000,NO_FACE,OUT_OF_FRAME,0
2026-06-12 16:55:13,Patience,0.0000,NO_FACE,OUT_OF_FRAME,0
2026-06-12 16:55:13,Patience,0.0000,NO_FACE,OUT_OF_FRAME,0
2026-06-12 16:55:13,Patience,0.0000,NO_FACE,OUT_OF_FRAME,0
2026-06-12 16:55:13,Patience,0.0000,NO_FACE,OUT_OF_FRAME,0
2026-06-12 16:55:13,Patience,0.0000,NO_FACE,OUT_OF_FRAME,0
2026-06-12 16:55:14,Patience,0.0000,NO_FACE,OUT_OF_FRAME,0
2026-06-12 16:55:14,Patience,0.0000,NO_FACE,OUT_OF_FRAME,0
2026-06-12 16:55:14,Patience,0.0000,NO_FACE,OUT_OF_FRAME,0
2026-06-12 16:55:14,Patience,0.0000,NO_FACE,OUT_OF_FRAME,0
2026-06-12 16:55:14,Patience,0.0000,NO_FACE,OUT_OF_FRAME,0
2026-06-12 16:55:14,Patience,0.0000,NO_FACE,OUT_OF_FRAME,0
2026-06-12 16:55:14,Patience,0.0000,NO_FACE,OUT_OF_FRAME,0
2026-06-12 16:55:14,Patience,0.0000,NO_FACE,OUT_OF_FRAME,0
2026-06-12 16:55:15,Patience,0.0000,NO_FACE,OUT_OF_FRAME,0
2026-06-12 16:55:15,Patience,0.0000,NO_FACE,OUT_OF_FRAME,0
2026-06-12 16:55:15,Patience,0.0000,NO_FACE,OUT_OF_FRAME,0
2026-06-12 16:55:15,Patience,0.0000,NO_FACE,OUT_OF_FRAME,0
2026-06-12 16:55:15,Patience,0.0000,NO_FACE,OUT_OF_FRAME,0
2026-06-12 16:55:15,Patience,0.0000,NO_FACE,OUT_OF_FRAME,0
2026-06-12 16:55:15,Patience,0.0000,NO_FACE,OUT_OF_FRAME,0
2026-06-12 16:55:15,Patience,0.0000,NO_FACE,OUT_OF_FRAME,0
2026-06-12 16:55:15,Patience,0.0000,NO_FACE,OUT_OF_FRAME,0
2026-06-12 16:55:16,Patience,0.0000,NO_FACE,OUT_OF_FRAME,0
2026-06-12 16:55:16,Patience,0.0000,NO_FACE,OUT_OF_FRAME,0
2026-06-12 16:55:16,Patience,0.0000,NO_FACE,OUT_OF_FRAME,0
2026-06-12 16:55:16,Patience,0.0000,NO_FACE,OUT_OF_FRAME,0
2026-06-12 16:55:16,Patience,0.0000,NO_FACE,OUT_OF_FRAME,0
2026-06-12 16:55:16,Patience,0.0000,NO_FACE,OUT_OF_FRAME,0
2026-06-12 16:55:16,Patience,0.0000,NO_FACE,OUT_OF_FRAME,0
2026-06-12 16:55:16,Patience,0.0000,NO_FACE,OUT_OF_FRAME,0
2026-06-12 16:55:16,Patience,0.0000,NO_FACE,OUT_OF_FRAME,0
2026-06-12 16:55:17,Patience,0.0000,NO_FACE,OUT_OF_FRAME,0
2026-06-12 16:55:17,Patience,0.0000,NO_FACE,OUT_OF_FRAME,0
2026-06-12 16:55:17,Patience,0.0000,NO_FACE,OUT_OF_FRAME,0
2026-06-12 16:55:17,Patience,0.0000,NO_FACE,OUT_OF_FRAME,0
2026-06-12 16:55:17,Patience,0.0000,NO_FACE,OUT_OF_FRAME,0
2026-06-12 16:55:17,Patience,0.0000,NO_FACE,OUT_OF_FRAME,0
2026-06-12 16:55:17,Patience,0.0000,NO_FACE,OUT_OF_FRAME,0
2026-06-12 16:55:17,Patience,0.0000,NO_FACE,OUT_OF_FRAME,0
2026-06-12 16:55:18,Patience,0.0000,NO_FACE,OUT_OF_FRAME,0
2026-06-12 16:55:18,Patience,0.0000,NO_FACE,OUT_OF_FRAME,0
2026-06-12 16:55:18,Patience,0.0000,NO_FACE,OUT_OF_FRAME,0
2026-06-12 16:55:18,Patience,0.0000,NO_FACE,OUT_OF_FRAME,0
2026-06-12 16:55:18,Patience,0.0000,NO_FACE,OUT_OF_FRAME,0
2026-06-12 16:55:18,Patience,0.0000,NO_FACE,OUT_OF_FRAME,0
2026-06-12 16:55:18,Patience,0.0000,NO_FACE,OUT_OF_FRAME,0
2026-06-12 16:55:18,Patience,0.0000,NO_FACE,OUT_OF_FRAME,0
2026-06-12 16:55:19,Patience,0.0000,NO_FACE,OUT_OF_FRAME,0
2026-06-12 16:55:19,Patience,0.0000,NO_FACE,OUT_OF_FRAME,0
2026-06-12 16:55:19,Patience,0.0000,NO_FACE,OUT_OF_FRAME,0
2026-06-12 16:55:19,Patience,0.0000,NO_FACE,OUT_OF_FRAME,0
2026-06-12 16:55:19,Patience,0.0000,NO_FACE,OUT_OF_FRAME,0
2026-06-12 16:55:19,Patience,0.0000,NO_FACE,OUT_OF_FRAME,0
2026-06-12 16:55:19,Patience,0.0000,NO_FACE,OUT_OF_FRAME,0
2026-06-12 16:55:19,Patience,0.0000,NO_FACE,OUT_OF_FRAME,0
2026-06-12 16:55:20,Patience,0.0000,NO_FACE,OUT_OF_FRAME,0
2026-06-12 16:55:20,Patience,0.0000,NO_FACE,OUT_OF_FRAME,0
2026-06-12 16:55:20,Patience,0.0000,NO_FACE,OUT_OF_FRAME,0
2026-06-12 16:55:20,Patience,0.0000,NO_FACE,OUT_OF_FRAME,0
2026-06-12 16:55:20,Patience,0.0000,NO_FACE,OUT_OF_FRAME,0
2026-06-12 16:55:20,Patience,0.0000,NO_FACE,OUT_OF_FRAME,0
2026-06-12 16:55:20,Patience,0.0000,NO_FACE,OUT_OF_FRAME,0
2026-06-12 16:55:20,Patience,0.0000,NO_FACE,OUT_OF_FRAME,0
2026-06-12 16:55:21,Patience,0.0000,NO_FACE,OUT_OF_FRAME,0
2026-06-12 16:55:21,Patience,0.0000,NO_FACE,OUT_OF_FRAME,0
2026-06-12 16:55:21,Patience,0.0000,NO_FACE,OUT_OF_FRAME,0
2026-06-12 16:55:21,Patience,0.0000,NO_FACE,OUT_OF_FRAME,0
2026-06-12 16:55:21,Patience,0.0000,NO_FACE,OUT_OF_FRAME,0
2026-06-12 16:55:21,Patience,0.0000,NO_FACE,OUT_OF_FRAME,0
2026-06-12 16:55:21,Patience,0.0000,NO_FACE,OUT_OF_FRAME,0
2026-06-12 16:55:21,Patience,0.0000,NO_FACE,OUT_OF_FRAME,0
2026-06-12 16:55:21,Patience,0.0000,NO_FACE,OUT_OF_FRAME,0
2026-06-12 16:55:22,Patience,0.0000,NO_FACE,OUT_OF_FRAME,0
2026-06-12 16:55:22,Patience,0.0000,NO_FACE,OUT_OF_FRAME,0
2026-06-12 16:55:22,Patience,0.0000,NO_FACE,OUT_OF_FRAME,0
2026-06-12 16:55:22,Patience,0.0000,NO_FACE,OUT_OF_FRAME,0
2026-06-12 16:55:23,Patience,0.0000,NO_FACE,OUT_OF_FRAME,0
2026-06-12 16:55:24,Patience,0.0000,NO_FACE,OUT_OF_FRAME,0
2026-06-12 16:55:24,Patience,0.0000,NO_FACE,OUT_OF_FRAME,0
2026-06-12 16:55:25,Patience,0.0000,NO_FACE,OUT_OF_FRAME,0
2026-06-12 16:55:28,Patience,0.0000,NO_FACE,OUT_OF_FRAME,0
2026-06-12 16:55:30,Patience,0.0000,NO_FACE,OUT_OF_FRAME,0
2026-06-12 16:55:32,Patience,0.0000,NO_FACE,OUT_OF_FRAME,0
2026-06-12 16:55:33,Patience,0.0000,NO_FACE,OUT_OF_FRAME,0
2026-06-12 16:55:34,Patience,0.0000,NO_FACE,OUT_OF_FRAME,0
2026-06-12 16:55:36,Patience,0.0000,NO_FACE,OUT_OF_FRAME,0
2026-06-12 16:55:36,Patience,0.0000,NO_FACE,OUT_OF_FRAME,0
2026-06-12 16:55:36,Patience,0.0000,NO_FACE,OUT_OF_FRAME,0
2026-06-12 16:55:36,Patience,0.0000,NO_FACE,OUT_OF_FRAME,0
2026-06-12 16:55:36,Patience,0.0000,NO_FACE,OUT_OF_FRAME,0
2026-06-12 16:55:36,Patience,0.0000,NO_FACE,OUT_OF_FRAME,0
2026-06-12 16:55:36,Patience,0.0000,NO_FACE,OUT_OF_FRAME,0
2026-06-12 16:55:36,Patience,0.0000,NO_FACE,OUT_OF_FRAME,0
2026-06-12 16:55:37,Patience,0.0000,NO_FACE,OUT_OF_FRAME,0
2026-06-12 16:55:37,Patience,0.0000,NO_FACE,OUT_OF_FRAME,0
2026-06-12 16:55:37,Patience,0.0000,NO_FACE,OUT_OF_FRAME,0
2026-06-12 16:55:37,Patience,0.0000,NO_FACE,OUT_OF_FRAME,0
2026-06-12 16:55:37,Patience,0.0000,NO_FACE,OUT_OF_FRAME,0
2026-06-12 16:55:37,Patience,0.0000,NO_FACE,OUT_OF_FRAME,0
2026-06-12 16:55:37,Patience,0.0000,NO_FACE,OUT_OF_FRAME,0
2026-06-12 16:55:37,Patience,0.0000,NO_FACE,OUT_OF_FRAME,0
2026-06-12 16:55:38,Patience,0.0000,NO_FACE,OUT_OF_FRAME,0
2026-06-12 16:55:38,Patience,0.0000,NO_FACE,OUT_OF_FRAME,0
2026-06-12 16:55:38,Patience,0.0000,NO_FACE,OUT_OF_FRAME,0
2026-06-12 16:55:38,Patience,0.0000,NO_FACE,OUT_OF_FRAME,0
2026-06-12 16:55:38,Patience,0.0000,NO_FACE,OUT_OF_FRAME,0
2026-06-12 16:55:38,Patience,0.0000,NO_FACE,OUT_OF_FRAME,0
2026-06-12 16:55:38,Patience,0.0000,NO_FACE,OUT_OF_FRAME,0
2026-06-12 16:55:38,Patience,0.0000,NO_FACE,OUT_OF_FRAME,0
2026-06-12 16:55:39,Patience,0.0000,NO_FACE,OUT_OF_FRAME,0
2026-06-12 16:55:39,Patience,0.0000,NO_FACE,OUT_OF_FRAME,0
2026-06-12 16:55:39,Patience,0.0000,NO_FACE,OUT_OF_FRAME,0
2026-06-12 16:55:39,Patience,0.0000,NO_FACE,OUT_OF_FRAME,0
2026-06-12 16:55:39,Patience,0.0000,NO_FACE,OUT_OF_FRAME,0
2026-06-12 16:55:39,Patience,0.0000,NO_FACE,OUT_OF_FRAME,0
2026-06-12 16:55:39,Patience,0.0000,NO_FACE,OUT_OF_FRAME,0
2026-06-12 16:55:39,Patience,0.0000,NO_FACE,OUT_OF_FRAME,0
2026-06-12 16:55:40,Patience,0.0000,NO_FACE,OUT_OF_FRAME,0
2026-06-12 16:55:40,Patience,0.0000,NO_FACE,OUT_OF_FRAME,0
2026-06-12 16:55:40,Patience,0.0000,NO_FACE,OUT_OF_FRAME,0
2026-06-12 16:55:40,Patience,0.0000,NO_FACE,OUT_OF_FRAME,0
2026-06-12 16:55:40,Patience,0.0000,NO_FACE,OUT_OF_FRAME,0
2026-06-12 16:55:40,Patience,0.0000,NO_FACE,OUT_OF_FRAME,0
2026-06-12 16:55:40,Patience,0.0000,NO_FACE,OUT_OF_FRAME,0
2026-06-12 16:55:40,Patience,0.0000,NO_FACE,OUT_OF_FRAME,0
2026-06-12 16:55:41,Patience,0.0000,NO_FACE,OUT_OF_FRAME,0
2026-06-12 16:55:41,Patience,0.0000,NO_FACE,OUT_OF_FRAME,0
2026-06-12 16:55:41,Patience,0.0000,NO_FACE,OUT_OF_FRAME,0
2026-06-12 16:55:41,Patience,0.0000,NO_FACE,OUT_OF_FRAME,0
2026-06-12 16:55:41,Patience,0.0000,NO_FACE,OUT_OF_FRAME,0
2026-06-12 16:55:41,Patience,0.0000,NO_FACE,OUT_OF_FRAME,0
2026-06-12 16:55:41,Patience,0.0000,NO_FACE,OUT_OF_FRAME,0
2026-06-12 16:55:41,Patience,0.0000,NO_FACE,OUT_OF_FRAME,0
2026-06-12 16:55:42,Patience,0.0000,NO_FACE,OUT_OF_FRAME,0
2026-06-12 16:55:42,Patience,0.0000,NO_FACE,OUT_OF_FRAME,0
2026-06-12 16:55:42,Patience,0.0000,NO_FACE,OUT_OF_FRAME,0
2026-06-12 16:55:42,Patience,0.0000,NO_FACE,OUT_OF_FRAME,0
2026-06-12 16:55:42,Patience,0.0000,NO_FACE,OUT_OF_FRAME,0
2026-06-12 16:55:42,Patience,0.0000,NO_FACE,OUT_OF_FRAME,0
2026-06-12 16:55:42,Patience,0.0000,NO_FACE,OUT_OF_FRAME,0
2026-06-12 16:55:42,Patience,0.0000,NO_FACE,OUT_OF_FRAME,0
2026-06-12 16:55:43,Patience,0.0000,NO_FACE,OUT_OF_FRAME,0
2026-06-12 16:55:43,Patience,0.0000,NO_FACE,OUT_OF_FRAME,0
2026-06-12 16:55:43,Patience,0.0000,NO_FACE,OUT_OF_FRAME,0
2026-06-12 16:55:43,Patience,0.0000,NO_FACE,OUT_OF_FRAME,0
2026-06-12 16:55:43,Patience,0.0000,NO_FACE,OUT_OF_FRAME,0
2026-06-12 16:55:43,Patience,0.0000,NO_FACE,OUT_OF_FRAME,0
2026-06-12 16:55:43,Patience,0.0000,NO_FACE,OUT_OF_FRAME,0
2026-06-12 16:55:43,Patience,0.0000,NO_FACE,OUT_OF_FRAME,0
2026-06-12 16:55:44,Patience,0.0000,NO_FACE,OUT_OF_FRAME,0
2026-06-12 16:55:44,Patience,0.0000,NO_FACE,OUT_OF_FRAME,0
2026-06-12 16:55:44,Patience,0.0000,NO_FACE,OUT_OF_FRAME,0
2026-06-12 16:55:44,Patience,0.0000,NO_FACE,OUT_OF_FRAME,0
2026-06-12 16:55:44,Patience,0.0000,NO_FACE,OUT_OF_FRAME,0
2026-06-12 16:55:44,Patience,0.0000,NO_FACE,OUT_OF_FRAME,0
2026-06-12 16:55:44,Patience,0.0000,NO_FACE,OUT_OF_FRAME,0
2026-06-12 16:55:44,Patience,0.0000,NO_FACE,OUT_OF_FRAME,0
2026-06-12 16:55:45,Patience,0.0000,NO_FACE,OUT_OF_FRAME,0
2026-06-12 16:55:45,Patience,0.0000,NO_FACE,OUT_OF_FRAME,0
2026-06-12 16:55:45,Patience,0.0000,NO_FACE,OUT_OF_FRAME,0
2026-06-12 16:55:45,Patience,0.0000,NO_FACE,OUT_OF_FRAME,0
2026-06-12 16:55:45,Patience,0.0000,NO_FACE,OUT_OF_FRAME,0
2026-06-12 16:55:45,Patience,0.0000,NO_FACE,OUT_OF_FRAME,0
2026-06-12 16:55:45,Patience,0.0000,NO_FACE,OUT_OF_FRAME,0
2026-06-12 16:55:45,Patience,0.0000,NO_FACE,OUT_OF_FRAME,0
2026-06-12 16:55:46,Patience,0.0000,NO_FACE,OUT_OF_FRAME,0
2026-06-12 16:55:46,Patience,0.0000,NO_FACE,OUT_OF_FRAME,0
2026-06-12 16:55:46,Patience,0.0000,NO_FACE,OUT_OF_FRAME,0
2026-06-12 16:55:46,Patience,0.0000,NO_FACE,OUT_OF_FRAME,0
2026-06-12 16:55:46,Patience,0.0000,NO_FACE,OUT_OF_FRAME,0
2026-06-12 16:55:46,Patience,0.0000,NO_FACE,OUT_OF_FRAME,0
2026-06-12 16:55:46,Patience,0.0000,NO_FACE,OUT_OF_FRAME,0
2026-06-12 16:55:46,Patience,0.0000,NO_FACE,OUT_OF_FRAME,0
2026-06-12 16:55:47,Patience,0.0000,NO_FACE,OUT_OF_FRAME,0
2026-06-12 16:55:47,Patience,0.0000,NO_FACE,OUT_OF_FRAME,0
2026-06-12 16:55:47,Patience,0.0000,NO_FACE,OUT_OF_FRAME,0
2026-06-12 16:55:47,Patience,0.0000,NO_FACE,OUT_OF_FRAME,0
2026-06-12 16:55:47,Patience,0.0000,NO_FACE,OUT_OF_FRAME,0
2026-06-12 16:55:47,Patience,0.0000,NO_FACE,OUT_OF_FRAME,0
2026-06-12 16:55:47,Patience,0.0000,NO_FACE,OUT_OF_FRAME,0
2026-06-12 16:55:47,Patience,0.0000,NO_FACE,OUT_OF_FRAME,0
2026-06-12 16:55:48,Patience,0.0000,NO_FACE,OUT_OF_FRAME,0
2026-06-12 16:55:48,Patience,0.0000,NO_FACE,OUT_OF_FRAME,0
2026-06-12 16:55:48,Patience,0.0000,NO_FACE,OUT_OF_FRAME,0
2026-06-12 16:55:48,Patience,0.0000,NO_FACE,OUT_OF_FRAME,0
2026-06-12 16:55:48,Patience,0.0000,NO_FACE,OUT_OF_FRAME,0
2026-06-12 16:55:48,Patience,0.0000,NO_FACE,OUT_OF_FRAME,0
2026-06-12 16:55:48,Patience,0.0000,NO_FACE,OUT_OF_FRAME,0
2026-06-12 16:55:48,Patience,0.0000,NO_FACE,OUT_OF_FRAME,0
2026-06-12 16:55:49,Patience,0.0000,NO_FACE,OUT_OF_FRAME,0
2026-06-12 16:55:49,Patience,0.0000,NO_FACE,OUT_OF_FRAME,0
2026-06-12 16:55:49,Patience,0.0000,NO_FACE,OUT_OF_FRAME,0
2026-06-12 16:55:49,Patience,0.0000,NO_FACE,OUT_OF_FRAME,0
2026-06-12 16:55:49,Patience,0.0000,NO_FACE,OUT_OF_FRAME,0
2026-06-12 16:55:49,Patience,0.0000,NO_FACE,OUT_OF_FRAME,0
2026-06-12 16:55:49,Patience,0.0000,NO_FACE,OUT_OF_FRAME,0
2026-06-12 16:55:49,Patience,0.0000,NO_FACE,OUT_OF_FRAME,0
2026-06-12 16:55:50,Patience,0.0000,NO_FACE,OUT_OF_FRAME,0
2026-06-12 16:55:50,Patience,0.0000,NO_FACE,OUT_OF_FRAME,0
2026-06-12 16:55:50,Patience,0.0000,NO_FACE,OUT_OF_FRAME,0
2026-06-12 16:55:50,Patience,0.0000,NO_FACE,OUT_OF_FRAME,0
2026-06-12 16:55:50,Patience,0.0000,NO_FACE,OUT_OF_FRAME,0
2026-06-12 16:55:50,Patience,0.0000,NO_FACE,OUT_OF_FRAME,0
2026-06-12 16:55:50,Patience,0.0000,NO_FACE,OUT_OF_FRAME,0
2026-06-12 16:55:50,Patience,0.0000,NO_FACE,OUT_OF_FRAME,0
2026-06-12 16:55:51,Patience,0.0000,NO_FACE,OUT_OF_FRAME,0
2026-06-12 16:55:51,Patience,0.0000,NO_FACE,OUT_OF_FRAME,0
2026-06-12 16:55:51,Patience,0.0000,NO_FACE,OUT_OF_FRAME,0
2026-06-12 16:55:51,Patience,0.0000,NO_FACE,OUT_OF_FRAME,0
2026-06-12 16:55:51,Patience,0.0000,NO_FACE,OUT_OF_FRAME,0
2026-06-12 16:55:51,Patience,0.0000,NO_FACE,OUT_OF_FRAME,0
2026-06-12 16:55:51,Patience,0.0000,NO_FACE,OUT_OF_FRAME,0
2026-06-12 16:55:51,Patience,0.0000,NO_FACE,OUT_OF_FRAME,0
2026-06-12 16:55:51,Patience,0.0000,NO_FACE,OUT_OF_FRAME,0
2026-06-12 16:55:52,Patience,0.0000,NO_FACE,OUT_OF_FRAME,0
2026-06-12 16:55:52,Patience,0.0000,NO_FACE,OUT_OF_FRAME,0
2026-06-12 16:55:52,Patience,0.0000,NO_FACE,OUT_OF_FRAME,0
2026-06-12 16:55:52,Patience,0.0000,NO_FACE,OUT_OF_FRAME,0
2026-06-12 16:55:52,Patience,0.0000,NO_FACE,OUT_OF_FRAME,0
2026-06-12 16:55:52,Patience,0.0000,NO_FACE,OUT_OF_FRAME,0
2026-06-12 16:55:52,Patience,0.0000,NO_FACE,OUT_OF_FRAME,0
2026-06-12 16:55:52,Patience,0.0000,NO_FACE,OUT_OF_FRAME,0
2026-06-12 16:55:53,Patience,0.0000,NO_FACE,OUT_OF_FRAME,0
2026-06-12 16:55:53,Patience,0.0000,NO_FACE,OUT_OF_FRAME,0
2026-06-12 16:55:53,Patience,0.0000,NO_FACE,OUT_OF_FRAME,0
2026-06-12 16:55:53,Patience,0.0000,NO_FACE,OUT_OF_FRAME,0
2026-06-12 16:55:53,Patience,0.0000,NO_FACE,OUT_OF_FRAME,0
2026-06-12 16:55:53,Patience,0.0000,NO_FACE,OUT_OF_FRAME,0
2026-06-12 16:55:53,Patience,0.0000,NO_FACE,OUT_OF_FRAME,0
2026-06-12 16:55:53,Patience,0.0000,NO_FACE,OUT_OF_FRAME,0
2026-06-12 16:55:54,Patience,0.0000,NO_FACE,OUT_OF_FRAME,0
2026-06-12 16:55:54,Patience,0.0000,NO_FACE,OUT_OF_FRAME,0
2026-06-12 16:55:54,Patience,0.0000,NO_FACE,OUT_OF_FRAME,0
2026-06-12 16:55:54,Patience,0.0000,NO_FACE,OUT_OF_FRAME,0
2026-06-12 16:55:54,Patience,0.0000,NO_FACE,OUT_OF_FRAME,0
2026-06-12 16:55:54,Patience,0.0000,NO_FACE,OUT_OF_FRAME,0
2026-06-12 16:55:54,Patience,0.0000,NO_FACE,OUT_OF_FRAME,0
2026-06-12 16:55:54,Patience,0.0000,NO_FACE,OUT_OF_FRAME,0
2026-06-12 16:55:55,Patience,0.0000,NO_FACE,OUT_OF_FRAME,0
2026-06-12 16:55:55,Patience,0.0000,NO_FACE,OUT_OF_FRAME,0
2026-06-12 16:55:55,Patience,0.0000,NO_FACE,OUT_OF_FRAME,0
2026-06-12 16:55:55,Patience,0.0000,NO_FACE,OUT_OF_FRAME,0
2026-06-12 16:55:55,Patience,0.0000,NO_FACE,OUT_OF_FRAME,0
2026-06-12 16:55:55,Patience,0.0000,NO_FACE,OUT_OF_FRAME,0
2026-06-12 16:55:55,Patience,0.0000,NO_FACE,OUT_OF_FRAME,0
2026-06-12 16:55:55,Patience,0.0000,NO_FACE,OUT_OF_FRAME,0
2026-06-12 16:55:55,Patience,0.0000,NO_FACE,OUT_OF_FRAME,0
2026-06-12 16:55:56,Patience,0.0000,NO_FACE,OUT_OF_FRAME,0
2026-06-12 16:55:56,Patience,0.0000,NO_FACE,OUT_OF_FRAME,0
2026-06-12 16:55:56,Patience,0.0000,NO_FACE,OUT_OF_FRAME,0
2026-06-12 16:55:56,Patience,0.0000,NO_FACE,OUT_OF_FRAME,0
2026-06-12 16:55:56,Patience,0.0000,NO_FACE,OUT_OF_FRAME,0
2026-06-12 16:55:56,Patience,0.0000,NO_FACE,OUT_OF_FRAME,0
2026-06-12 16:55:56,Patience,0.0000,NO_FACE,OUT_OF_FRAME,0
2026-06-12 16:55:56,Patience,0.0000,NO_FACE,OUT_OF_FRAME,0
2026-06-12 16:55:57,Patience,0.0000,NO_FACE,OUT_OF_FRAME,0
2026-06-12 16:55:57,Patience,0.0000,NO_FACE,OUT_OF_FRAME,0
2026-06-12 16:55:57,Patience,0.0000,NO_FACE,OUT_OF_FRAME,0
2026-06-12 16:55:57,Patience,0.0000,NO_FACE,OUT_OF_FRAME,0
2026-06-12 16:55:57,Patience,0.0000,NO_FACE,OUT_OF_FRAME,0
2026-06-12 16:55:57,Patience,0.0000,NO_FACE,OUT_OF_FRAME,0
2026-06-12 16:55:57,Patience,0.0000,NO_FACE,OUT_OF_FRAME,0
2026-06-12 16:55:57,Patience,0.0000,NO_FACE,OUT_OF_FRAME,0
2026-06-12 16:55:57,Patience,0.0000,NO_FACE,OUT_OF_FRAME,0
2026-06-12 16:55:58,Patience,0.0000,NO_FACE,OUT_OF_FRAME,0
2026-06-12 16:55:58,Patience,0.0000,NO_FACE,OUT_OF_FRAME,0
2026-06-12 16:55:58,Patience,0.0000,NO_FACE,OUT_OF_FRAME,0
2026-06-12 16:55:58,Patience,0.0000,NO_FACE,OUT_OF_FRAME,0
2026-06-12 16:55:58,Patience,0.0000,NO_FACE,OUT_OF_FRAME,0
2026-06-12 16:55:58,Patience,0.0000,NO_FACE,OUT_OF_FRAME,0
2026-06-12 16:55:58,Patience,0.0000,NO_FACE,OUT_OF_FRAME,0
2026-06-12 16:55:58,Patience,0.0000,NO_FACE,OUT_OF_FRAME,0
2026-06-12 16:55:59,Patience,0.0000,NO_FACE,OUT_OF_FRAME,0
2026-06-12 16:55:59,Patience,0.0000,NO_FACE,OUT_OF_FRAME,0
2026-06-12 16:55:59,Patience,0.0000,NO_FACE,OUT_OF_FRAME,0
2026-06-12 16:55:59,Patience,0.0000,NO_FACE,OUT_OF_FRAME,0
2026-06-12 16:55:59,Patience,0.0000,NO_FACE,OUT_OF_FRAME,0
2026-06-12 16:55:59,Patience,0.0000,NO_FACE,OUT_OF_FRAME,0
2026-06-12 16:55:59,Patience,0.0000,NO_FACE,OUT_OF_FRAME,0
2026-06-12 16:55:59,Patience,0.0000,NO_FACE,OUT_OF_FRAME,0
2026-06-12 16:56:00,Patience,0.0000,NO_FACE,OUT_OF_FRAME,0
2026-06-12 16:56:00,Patience,0.0000,NO_FACE,OUT_OF_FRAME,0
2026-06-12 16:56:00,Patience,0.0000,NO_FACE,OUT_OF_FRAME,0
2026-06-12 16:56:00,Patience,0.0000,NO_FACE,OUT_OF_FRAME,0
2026-06-12 16:56:00,Patience,0.0000,NO_FACE,OUT_OF_FRAME,0
2026-06-12 16:56:00,Patience,0.0000,NO_FACE,OUT_OF_FRAME,0
2026-06-12 16:56:00,Patience,0.0000,NO_FACE,OUT_OF_FRAME,0
2026-06-12 16:56:00,Patience,0.0000,NO_FACE,OUT_OF_FRAME,0
2026-06-12 16:56:00,Patience,0.0000,NO_FACE,OUT_OF_FRAME,0
2026-06-12 16:56:01,Patience,0.0000,NO_FACE,OUT_OF_FRAME,0
2026-06-12 16:56:01,Patience,0.0000,NO_FACE,OUT_OF_FRAME,0
2026-06-12 16:56:01,Patience,0.0000,NO_FACE,OUT_OF_FRAME,0
2026-06-12 16:56:01,Patience,0.0000,NO_FACE,OUT_OF_FRAME,0
2026-06-12 16:56:01,Patience,0.0000,NO_FACE,OUT_OF_FRAME,0
2026-06-12 16:56:01,Patience,0.0000,NO_FACE,OUT_OF_FRAME,0
2026-06-12 16:56:01,Patience,0.0000,NO_FACE,OUT_OF_FRAME,0
2026-06-12 16:56:01,Patience,0.0000,NO_FACE,OUT_OF_FRAME,0
2026-06-12 16:56:02,Patience,0.0000,NO_FACE,OUT_OF_FRAME,0
2026-06-12 16:56:02,Patience,0.0000,NO_FACE,OUT_OF_FRAME,0
2026-06-12 16:56:02,Patience,0.0000,NO_FACE,OUT_OF_FRAME,0
2026-06-12 16:56:02,Patience,0.0000,NO_FACE,OUT_OF_FRAME,0
2026-06-12 16:56:02,Patience,0.0000,NO_FACE,OUT_OF_FRAME,0
2026-06-12 16:56:02,Patience,0.0000,NO_FACE,OUT_OF_FRAME,0
2026-06-12 16:56:02,Patience,0.0000,NO_FACE,OUT_OF_FRAME,0
2026-06-12 16:56:02,Patience,0.0000,NO_FACE,OUT_OF_FRAME,0
2026-06-12 16:56:03,Patience,0.0000,NO_FACE,OUT_OF_FRAME,0
2026-06-12 16:56:03,Patience,0.0000,NO_FACE,OUT_OF_FRAME,0
2026-06-12 16:56:03,Patience,0.0000,NO_FACE,OUT_OF_FRAME,0
2026-06-12 16:56:03,Patience,0.0000,NO_FACE,OUT_OF_FRAME,0
2026-06-12 16:56:03,Patience,0.0000,NO_FACE,OUT_OF_FRAME,0
2026-06-12 16:56:03,Patience,0.0000,NO_FACE,OUT_OF_FRAME,0
2026-06-12 16:56:03,Patience,0.0000,NO_FACE,OUT_OF_FRAME,0
2026-06-12 16:56:03,Patience,0.0000,NO_FACE,OUT_OF_FRAME,0
2026-06-12 16:56:04,Patience,0.0000,NO_FACE,OUT_OF_FRAME,0
2026-06-12 16:56:04,Patience,0.0000,NO_FACE,OUT_OF_FRAME,0
2026-06-12 16:56:04,Patience,0.0000,NO_FACE,OUT_OF_FRAME,0
2026-06-12 16:56:04,Patience,0.0000,NO_FACE,OUT_OF_FRAME,0
2026-06-12 16:56:04,Patience,0.0000,NO_FACE,OUT_OF_FRAME,0
2026-06-12 16:56:04,Patience,0.0000,NO_FACE,OUT_OF_FRAME,0
2026-06-12 16:56:04,Patience,0.0000,NO_FACE,OUT_OF_FRAME,0
2026-06-12 16:56:04,Patience,0.0000,NO_FACE,OUT_OF_FRAME,0
2026-06-12 16:56:04,Patience,0.0000,NO_FACE,OUT_OF_FRAME,0
2026-06-12 16:56:05,Patience,0.0000,NO_FACE,OUT_OF_FRAME,0
2026-06-12 16:56:05,Patience,0.0000,NO_FACE,OUT_OF_FRAME,0
2026-06-12 16:56:05,Patience,0.0000,NO_FACE,OUT_OF_FRAME,0
2026-06-12 16:56:05,Patience,0.0000,NO_FACE,OUT_OF_FRAME,0
2026-06-12 16:56:05,Patience,0.0000,NO_FACE,OUT_OF_FRAME,0
2026-06-12 16:56:05,Patience,0.0000,NO_FACE,OUT_OF_FRAME,0
2026-06-12 16:56:05,Patience,0.0000,NO_FACE,OUT_OF_FRAME,0
2026-06-12 16:56:05,Patience,0.0000,NO_FACE,OUT_OF_FRAME,0
2026-06-12 16:56:06,Patience,0.0000,NO_FACE,OUT_OF_FRAME,0
2026-06-12 16:56:06,Patience,0.0000,NO_FACE,OUT_OF_FRAME,0
2026-06-12 16:56:06,Patience,0.0000,NO_FACE,OUT_OF_FRAME,0
2026-06-12 16:56:06,Patience,0.0000,NO_FACE,OUT_OF_FRAME,0
2026-06-12 16:56:06,Patience,0.0000,NO_FACE,OUT_OF_FRAME,0
2026-06-12 16:56:06,Patience,0.0000,NO_FACE,OUT_OF_FRAME,0
2026-06-12 16:56:06,Patience,0.0000,NO_FACE,OUT_OF_FRAME,0
2026-06-12 16:56:06,Patience,0.0000,NO_FACE,OUT_OF_FRAME,0
2026-06-12 16:56:07,Patience,0.0000,NO_FACE,OUT_OF_FRAME,0
2026-06-12 16:56:07,Patience,0.0000,NO_FACE,OUT_OF_FRAME,0
2026-06-12 16:56:07,Patience,0.0000,NO_FACE,OUT_OF_FRAME,0
2026-06-12 16:56:07,Patience,0.0000,NO_FACE,OUT_OF_FRAME,0
2026-06-12 16:56:07,Patience,0.0000,NO_FACE,OUT_OF_FRAME,0
2026-06-12 16:56:07,Patience,0.0000,NO_FACE,OUT_OF_FRAME,0
2026-06-12 16:56:07,Patience,0.0000,NO_FACE,OUT_OF_FRAME,0
2026-06-12 16:56:07,Patience,0.0000,NO_FACE,OUT_OF_FRAME,0
2026-06-12 16:56:07,Patience,0.0000,NO_FACE,OUT_OF_FRAME,0
2026-06-12 16:56:08,Patience,0.0000,NO_FACE,OUT_OF_FRAME,0
2026-06-12 16:56:08,Patience,0.0000,NO_FACE,OUT_OF_FRAME,0
2026-06-12 16:56:08,Patience,0.0000,NO_FACE,OUT_OF_FRAME,0
2026-06-12 16:56:08,Patience,0.0000,NO_FACE,OUT_OF_FRAME,0
2026-06-12 16:56:08,Patience,0.0000,NO_FACE,OUT_OF_FRAME,0
2026-06-12 16:56:08,Patience,0.0000,NO_FACE,OUT_OF_FRAME,0
2026-06-12 16:56:08,Patience,0.0000,NO_FACE,OUT_OF_FRAME,0
2026-06-12 16:56:08,Patience,0.0000,NO_FACE,OUT_OF_FRAME,0
2026-06-12 16:56:09,Patience,0.0000,NO_FACE,OUT_OF_FRAME,0
2026-06-12 16:56:09,Patience,0.0000,NO_FACE,OUT_OF_FRAME,0
2026-06-12 16:56:09,Patience,0.0000,NO_FACE,OUT_OF_FRAME,0
2026-06-12 16:56:09,Patience,0.0000,NO_FACE,OUT_OF_FRAME,0
2026-06-12 16:56:09,Patience,0.0000,NO_FACE,OUT_OF_FRAME,0
2026-06-12 16:56:09,Patience,0.0000,NO_FACE,OUT_OF_FRAME,0
2026-06-12 16:56:09,Patience,0.0000,NO_FACE,OUT_OF_FRAME,0
2026-06-12 16:56:09,Patience,0.0000,NO_FACE,OUT_OF_FRAME,0
2026-06-12 16:56:10,Patience,0.0000,NO_FACE,OUT_OF_FRAME,0
2026-06-12 16:56:10,Patience,0.0000,NO_FACE,OUT_OF_FRAME,0
2026-06-12 16:56:10,Patience,0.0000,NO_FACE,OUT_OF_FRAME,0
2026-06-12 16:56:10,Patience,0.0000,NO_FACE,OUT_OF_FRAME,0
2026-06-12 16:56:10,Patience,0.0000,NO_FACE,OUT_OF_FRAME,0
2026-06-12 16:56:10,Patience,0.0000,NO_FACE,OUT_OF_FRAME,0
2026-06-12 16:56:10,Patience,0.0000,NO_FACE,OUT_OF_FRAME,0
2026-06-12 16:56:10,Patience,0.0000,NO_FACE,OUT_OF_FRAME,0
2026-06-12 16:56:11,Patience,0.0000,NO_FACE,OUT_OF_FRAME,0
2026-06-12 16:56:11,Patience,0.0000,NO_FACE,OUT_OF_FRAME,0
2026-06-12 16:56:11,Patience,0.0000,NO_FACE,OUT_OF_FRAME,0
2026-06-12 16:56:11,Patience,0.0000,NO_FACE,OUT_OF_FRAME,0
2026-06-12 16:56:11,Patience,0.0000,NO_FACE,OUT_OF_FRAME,0
2026-06-12 16:56:11,Patience,0.0000,NO_FACE,OUT_OF_FRAME,0
2026-06-12 16:56:11,Patience,0.0000,NO_FACE,OUT_OF_FRAME,0
2026-06-12 16:56:11,Patience,0.0000,NO_FACE,OUT_OF_FRAME,0
2026-06-12 16:56:12,Patience,0.0000,NO_FACE,OUT_OF_FRAME,0
2026-06-12 16:56:12,Patience,0.0000,NO_FACE,OUT_OF_FRAME,0
2026-06-12 16:56:12,Patience,0.0000,NO_FACE,OUT_OF_FRAME,0
2026-06-12 16:56:12,Patience,0.0000,NO_FACE,OUT_OF_FRAME,0
2026-06-12 16:56:12,Patience,0.0000,NO_FACE,OUT_OF_FRAME,0
2026-06-12 16:56:12,Patience,0.0000,NO_FACE,OUT_OF_FRAME,0
2026-06-12 16:56:12,Patience,0.0000,NO_FACE,OUT_OF_FRAME,0
2026-06-12 16:56:12,Patience,0.0000,NO_FACE,OUT_OF_FRAME,0
2026-06-12 16:56:13,Patience,0.0000,NO_FACE,OUT_OF_FRAME,0
2026-06-12 16:56:13,Patience,0.0000,NO_FACE,OUT_OF_FRAME,0
2026-06-12 16:56:13,Patience,0.0000,NO_FACE,OUT_OF_FRAME,0
2026-06-12 16:56:13,Patience,0.0000,NO_FACE,OUT_OF_FRAME,0
2026-06-12 16:56:13,Patience,0.0000,NO_FACE,OUT_OF_FRAME,0
2026-06-12 16:56:13,Patience,0.0000,NO_FACE,OUT_OF_FRAME,0
2026-06-12 16:56:13,Patience,0.0000,NO_FACE,OUT_OF_FRAME,0
2026-06-12 16:56:13,Patience,0.0000,NO_FACE,OUT_OF_FRAME,0
2026-06-12 16:56:14,Patience,0.0000,NO_FACE,OUT_OF_FRAME,0
2026-06-12 16:56:14,Patience,0.0000,NO_FACE,OUT_OF_FRAME,0
2026-06-12 16:56:14,Patience,0.0000,NO_FACE,OUT_OF_FRAME,0
2026-06-12 16:56:14,Patience,0.0000,NO_FACE,OUT_OF_FRAME,0
2026-06-12 16:56:14,Patience,0.0000,NO_FACE,OUT_OF_FRAME,0
2026-06-12 16:56:14,Patience,0.0000,NO_FACE,OUT_OF_FRAME,0
2026-06-12 16:56:14,Patience,0.0000,NO_FACE,OUT_OF_FRAME,0
2026-06-12 16:56:14,Patience,0.0000,NO_FACE,OUT_OF_FRAME,0
2026-06-12 16:56:15,Patience,0.0000,NO_FACE,OUT_OF_FRAME,0
2026-06-12 16:56:15,Patience,0.0000,NO_FACE,OUT_OF_FRAME,0
2026-06-12 16:56:15,Patience,0.0000,NO_FACE,OUT_OF_FRAME,0
2026-06-12 16:56:15,Patience,0.0000,NO_FACE,OUT_OF_FRAME,0
2026-06-12 16:56:15,Patience,0.0000,NO_FACE,OUT_OF_FRAME,0
2026-06-12 16:56:15,Patience,0.0000,NO_FACE,OUT_OF_FRAME,0
2026-06-12 16:56:15,Patience,0.0000,NO_FACE,OUT_OF_FRAME,0
2026-06-12 16:56:15,Patience,0.0000,NO_FACE,OUT_OF_FRAME,0
2026-06-12 16:56:16,Patience,0.0000,NO_FACE,OUT_OF_FRAME,0
2026-06-12 16:56:16,Patience,0.0000,NO_FACE,OUT_OF_FRAME,0
2026-06-12 16:56:16,Patience,0.0000,NO_FACE,OUT_OF_FRAME,0
2026-06-12 16:56:16,Patience,0.0000,NO_FACE,OUT_OF_FRAME,0
2026-06-12 16:56:16,Patience,0.0000,NO_FACE,OUT_OF_FRAME,0
2026-06-12 16:56:16,Patience,0.0000,NO_FACE,OUT_OF_FRAME,0
2026-06-12 16:56:16,Patience,0.0000,NO_FACE,OUT_OF_FRAME,0
2026-06-12 16:56:16,Patience,0.0000,NO_FACE,OUT_OF_FRAME,0
2026-06-12 16:56:17,Patience,0.0000,NO_FACE,OUT_OF_FRAME,0
2026-06-12 16:56:17,Patience,0.0000,NO_FACE,OUT_OF_FRAME,0
2026-06-12 16:56:17,Patience,0.0000,NO_FACE,OUT_OF_FRAME,0
2026-06-12 16:56:17,Patience,0.0000,NO_FACE,OUT_OF_FRAME,0
2026-06-12 16:56:17,Patience,0.0000,NO_FACE,OUT_OF_FRAME,0
2026-06-12 16:56:17,Patience,0.0000,NO_FACE,OUT_OF_FRAME,0
2026-06-12 16:56:17,Patience,0.0000,NO_FACE,OUT_OF_FRAME,0
2026-06-12 16:56:17,Patience,0.0000,NO_FACE,OUT_OF_FRAME,0
2026-06-12 16:56:18,Patience,0.0000,NO_FACE,OUT_OF_FRAME,0
2026-06-12 16:56:18,Patience,0.0000,NO_FACE,OUT_OF_FRAME,0
2026-06-12 16:56:18,Patience,0.0000,NO_FACE,OUT_OF_FRAME,0
2026-06-12 16:56:18,Patience,0.0000,NO_FACE,OUT_OF_FRAME,0
2026-06-12 16:56:18,Patience,0.0000,NO_FACE,OUT_OF_FRAME,0
2026-06-12 16:56:18,Patience,0.0000,NO_FACE,OUT_OF_FRAME,0
2026-06-12 16:56:18,Patience,0.0000,NO_FACE,OUT_OF_FRAME,0
2026-06-12 16:56:18,Patience,0.0000,NO_FACE,OUT_OF_FRAME,0
2026-06-12 16:56:19,Patience,0.0000,NO_FACE,OUT_OF_FRAME,0
2026-06-12 16:56:19,Patience,0.0000,NO_FACE,OUT_OF_FRAME,0
2026-06-12 16:56:19,Patience,0.0000,NO_FACE,OUT_OF_FRAME,0
2026-06-12 16:56:19,Patience,0.0000,NO_FACE,OUT_OF_FRAME,0
2026-06-12 16:56:19,Patience,0.0000,NO_FACE,OUT_OF_FRAME,0
2026-06-12 16:56:19,Patience,0.0000,NO_FACE,OUT_OF_FRAME,0
2026-06-12 16:56:19,Patience,0.0000,NO_FACE,OUT_OF_FRAME,0
2026-06-12 16:56:19,Patience,0.0000,NO_FACE,OUT_OF_FRAME,0
2026-06-12 16:56:20,Patience,0.0000,NO_FACE,OUT_OF_FRAME,0
2026-06-12 16:56:20,Patience,0.0000,NO_FACE,OUT_OF_FRAME,0
2026-06-12 16:56:20,Patience,0.0000,NO_FACE,OUT_OF_FRAME,0
2026-06-12 16:56:20,Patience,0.0000,NO_FACE,OUT_OF_FRAME,0
2026-06-12 16:56:20,Patience,0.0000,NO_FACE,OUT_OF_FRAME,0
2026-06-12 16:56:20,Patience,0.0000,NO_FACE,OUT_OF_FRAME,0
2026-06-12 16:56:20,Patience,0.0000,NO_FACE,OUT_OF_FRAME,0
2026-06-12 16:56:20,Patience,0.0000,NO_FACE,OUT_OF_FRAME,0
2026-06-12 16:56:21,Patience,0.0000,NO_FACE,OUT_OF_FRAME,0
2026-06-12 16:56:21,Patience,0.0000,NO_FACE,OUT_OF_FRAME,0
2026-06-12 16:56:21,Patience,0.0000,NO_FACE,OUT_OF_FRAME,0
2026-06-12 16:56:21,Patience,0.0000,NO_FACE,OUT_OF_FRAME,0
2026-06-12 16:56:21,Patience,0.0000,NO_FACE,OUT_OF_FRAME,0
2026-06-12 16:56:21,Patience,0.0000,NO_FACE,OUT_OF_FRAME,0
2026-06-12 16:56:21,Patience,0.0000,NO_FACE,OUT_OF_FRAME,0
2026-06-12 16:56:21,Patience,0.0000,NO_FACE,OUT_OF_FRAME,0
2026-06-12 16:56:21,Patience,0.0000,NO_FACE,OUT_OF_FRAME,0
2026-06-12 16:56:22,Patience,0.0000,NO_FACE,OUT_OF_FRAME,0
2026-06-12 16:56:22,Patience,0.0000,NO_FACE,OUT_OF_FRAME,0
2026-06-12 16:56:22,Patience,0.0000,NO_FACE,OUT_OF_FRAME,0
2026-06-12 16:56:22,Patience,0.0000,NO_FACE,OUT_OF_FRAME,0
2026-06-12 16:56:22,Patience,0.0000,NO_FACE,OUT_OF_FRAME,0
2026-06-12 16:56:22,Patience,0.0000,NO_FACE,OUT_OF_FRAME,0
2026-06-12 16:56:22,Patience,0.0000,NO_FACE,OUT_OF_FRAME,0
2026-06-12 16:56:22,Patience,0.0000,NO_FACE,OUT_OF_FRAME,0
2026-06-12 16:56:23,Patience,0.0000,NO_FACE,OUT_OF_FRAME,0
2026-06-12 16:56:23,Patience,0.0000,NO_FACE,OUT_OF_FRAME,0
2026-06-12 16:56:23,Patience,0.0000,NO_FACE,OUT_OF_FRAME,0
2026-06-12 16:56:23,Patience,0.0000,NO_FACE,OUT_OF_FRAME,0
2026-06-12 16:56:23,Patience,0.0000,NO_FACE,OUT_OF_FRAME,0
2026-06-12 16:56:23,Patience,0.0000,NO_FACE,OUT_OF_FRAME,0
2026-06-12 16:56:23,Patience,0.0000,NO_FACE,OUT_OF_FRAME,0
2026-06-12 16:56:23,Patience,0.0000,NO_FACE,OUT_OF_FRAME,0
2026-06-12 16:56:24,Patience,0.0000,NO_FACE,OUT_OF_FRAME,0
2026-06-12 16:56:24,Patience,0.0000,NO_FACE,OUT_OF_FRAME,0
2026-06-12 16:56:24,Patience,0.0000,NO_FACE,OUT_OF_FRAME,0
2026-06-12 16:56:24,Patience,0.0000,NO_FACE,OUT_OF_FRAME,0
2026-06-12 16:56:24,Patience,0.0000,NO_FACE,OUT_OF_FRAME,0
2026-06-12 16:56:24,Patience,0.0000,NO_FACE,OUT_OF_FRAME,0
2026-06-12 16:56:24,Patience,0.0000,NO_FACE,OUT_OF_FRAME,0
2026-06-12 16:56:24,Patience,0.0000,NO_FACE,OUT_OF_FRAME,0
2026-06-12 16:56:25,Patience,0.0000,NO_FACE,OUT_OF_FRAME,0
2026-06-12 16:56:25,Patience,0.0000,NO_FACE,OUT_OF_FRAME,0
2026-06-12 16:56:25,Patience,0.0000,NO_FACE,OUT_OF_FRAME,0
2026-06-12 16:56:25,Patience,0.0000,NO_FACE,OUT_OF_FRAME,0
2026-06-12 16:56:25,Patience,0.0000,NO_FACE,OUT_OF_FRAME,0
2026-06-12 16:56:25,Patience,0.0000,NO_FACE,OUT_OF_FRAME,0
2026-06-12 16:56:25,Patience,0.0000,NO_FACE,OUT_OF_FRAME,0
2026-06-12 16:56:25,Patience,0.0000,NO_FACE,OUT_OF_FRAME,0
2026-06-12 16:56:26,Patience,0.0000,NO_FACE,OUT_OF_FRAME,0
2026-06-12 16:56:26,Patience,0.0000,NO_FACE,OUT_OF_FRAME,0
2026-06-12 16:56:26,Patience,0.0000,NO_FACE,OUT_OF_FRAME,0
2026-06-12 16:56:26,Patience,0.0000,NO_FACE,OUT_OF_FRAME,0
2026-06-12 16:56:26,Patience,0.0000,NO_FACE,OUT_OF_FRAME,0
2026-06-12 16:56:26,Patience,0.0000,NO_FACE,OUT_OF_FRAME,0
2026-06-12 16:56:26,Patience,0.0000,NO_FACE,OUT_OF_FRAME,0
2026-06-12 16:56:26,Patience,0.0000,NO_FACE,OUT_OF_FRAME,0
2026-06-12 16:56:27,Patience,0.0000,NO_FACE,OUT_OF_FRAME,0
2026-06-12 16:56:27,Patience,0.0000,NO_FACE,OUT_OF_FRAME,0
2026-06-12 16:56:27,Patience,0.0000,NO_FACE,OUT_OF_FRAME,0
2026-06-12 16:56:27,Patience,0.0000,NO_FACE,OUT_OF_FRAME,0
2026-06-12 16:56:27,Patience,0.0000,NO_FACE,OUT_OF_FRAME,0
2026-06-12 16:56:27,Patience,0.0000,NO_FACE,OUT_OF_FRAME,0
2026-06-12 16:56:27,Patience,0.0000,NO_FACE,OUT_OF_FRAME,0
2026-06-12 16:56:27,Patience,0.0000,NO_FACE,OUT_OF_FRAME,0
2026-06-12 16:56:28,Patience,0.0000,NO_FACE,OUT_OF_FRAME,0
2026-06-12 16:56:28,Patience,0.0000,NO_FACE,OUT_OF_FRAME,0
2026-06-12 16:56:28,Patience,0.0000,NO_FACE,OUT_OF_FRAME,0
2026-06-12 16:56:28,Patience,0.0000,NO_FACE,OUT_OF_FRAME,0
2026-06-12 16:56:28,Patience,0.0000,NO_FACE,OUT_OF_FRAME,0
2026-06-12 16:56:28,Patience,0.0000,NO_FACE,OUT_OF_FRAME,0
2026-06-12 16:56:28,Patience,0.0000,NO_FACE,OUT_OF_FRAME,0
2026-06-12 16:56:28,Patience,0.0000,NO_FACE,OUT_OF_FRAME,0
2026-06-12 16:56:29,Patience,0.0000,NO_FACE,OUT_OF_FRAME,0
2026-06-12 16:56:29,Patience,0.0000,NO_FACE,OUT_OF_FRAME,0
2026-06-12 16:56:29,Patience,0.0000,NO_FACE,OUT_OF_FRAME,0
2026-06-12 16:56:29,Patience,0.0000,NO_FACE,OUT_OF_FRAME,0
2026-06-12 16:56:29,Patience,0.0000,NO_FACE,OUT_OF_FRAME,0
2026-06-12 16:56:29,Patience,0.0000,NO_FACE,OUT_OF_FRAME,0
2026-06-12 16:56:29,Patience,0.0000,NO_FACE,OUT_OF_FRAME,0
2026-06-12 16:56:29,Patience,0.0000,NO_FACE,OUT_OF_FRAME,0
2026-06-12 16:56:30,Patience,0.0000,NO_FACE,OUT_OF_FRAME,0
2026-06-12 16:56:30,Patience,0.0000,NO_FACE,OUT_OF_FRAME,0
2026-06-12 16:56:30,Patience,0.0000,NO_FACE,OUT_OF_FRAME,0
2026-06-12 16:56:30,Patience,0.0000,NO_FACE,OUT_OF_FRAME,0
2026-06-12 16:56:30,Patience,0.0000,NO_FACE,OUT_OF_FRAME,0
2026-06-12 16:56:30,Patience,0.0000,NO_FACE,OUT_OF_FRAME,0
2026-06-12 16:56:30,Patience,0.0000,NO_FACE,OUT_OF_FRAME,0
2026-06-12 16:56:30,Patience,0.0000,NO_FACE,OUT_OF_FRAME,0
2026-06-12 16:56:30,Patience,0.0000,NO_FACE,OUT_OF_FRAME,0
2026-06-12 16:56:31,Patience,0.0000,NO_FACE,OUT_OF_FRAME,0
2026-06-12 16:56:31,Patience,0.0000,NO_FACE,OUT_OF_FRAME,0
2026-06-12 16:56:31,Patience,0.0000,NO_FACE,OUT_OF_FRAME,0
2026-06-12 16:56:31,Patience,0.0000,NO_FACE,OUT_OF_FRAME,0
2026-06-12 16:56:31,Patience,0.0000,NO_FACE,OUT_OF_FRAME,0
2026-06-12 16:56:31,Patience,0.0000,NO_FACE,OUT_OF_FRAME,0
2026-06-12 16:56:31,Patience,0.0000,NO_FACE,OUT_OF_FRAME,0
2026-06-12 16:56:31,Patience,0.0000,NO_FACE,OUT_OF_FRAME,0
2026-06-12 16:56:32,Patience,0.0000,NO_FACE,OUT_OF_FRAME,0
2026-06-12 16:56:32,Patience,0.0000,NO_FACE,OUT_OF_FRAME,0
2026-06-12 16:56:32,Patience,0.0000,NO_FACE,OUT_OF_FRAME,0
2026-06-12 16:56:32,Patience,0.0000,NO_FACE,OUT_OF_FRAME,0
2026-06-12 16:56:32,Patience,0.0000,NO_FACE,OUT_OF_FRAME,0
2026-06-12 16:56:32,Patience,0.0000,NO_FACE,OUT_OF_FRAME,0
2026-06-12 16:56:32,Patience,0.0000,NO_FACE,OUT_OF_FRAME,0
2026-06-12 16:56:32,Patience,0.0000,NO_FACE,OUT_OF_FRAME,0
2026-06-12 16:56:33,Patience,0.0000,NO_FACE,OUT_OF_FRAME,0
2026-06-12 16:56:33,Patience,0.0000,NO_FACE,OUT_OF_FRAME,0
2026-06-12 16:56:33,Patience,0.0000,NO_FACE,OUT_OF_FRAME,0
2026-06-12 16:56:33,Patience,0.0000,NO_FACE,OUT_OF_FRAME,0
2026-06-12 16:56:33,Patience,0.0000,NO_FACE,OUT_OF_FRAME,0
2026-06-12 16:56:33,Patience,0.0000,NO_FACE,OUT_OF_FRAME,0
2026-06-12 16:56:33,Patience,0.0000,NO_FACE,OUT_OF_FRAME,0
2026-06-12 16:56:33,Patience,0.0000,NO_FACE,OUT_OF_FRAME,0
2026-06-12 16:56:34,Patience,0.0000,NO_FACE,OUT_OF_FRAME,0
2026-06-12 16:56:34,Patience,0.0000,NO_FACE,OUT_OF_FRAME,0
2026-06-12 16:56:34,Patience,0.0000,NO_FACE,OUT_OF_FRAME,0
2026-06-12 16:56:34,Patience,0.0000,NO_FACE,OUT_OF_FRAME,0
2026-06-12 16:56:34,Patience,0.0000,NO_FACE,OUT_OF_FRAME,0
2026-06-12 16:56:34,Patience,0.0000,NO_FACE,OUT_OF_FRAME,0
2026-06-12 16:56:34,Patience,0.0000,NO_FACE,OUT_OF_FRAME,0
2026-06-12 16:56:34,Patience,0.0000,NO_FACE,OUT_OF_FRAME,0
2026-06-12 16:56:35,Patience,0.0000,NO_FACE,OUT_OF_FRAME,0
2026-06-12 16:56:35,Patience,0.0000,NO_FACE,OUT_OF_FRAME,0
2026-06-12 16:56:35,Patience,0.0000,NO_FACE,OUT_OF_FRAME,0
2026-06-12 16:56:35,Patience,0.0000,NO_FACE,OUT_OF_FRAME,0
2026-06-12 16:56:35,Patience,0.0000,NO_FACE,OUT_OF_FRAME,0
2026-06-12 16:56:35,Patience,0.0000,NO_FACE,OUT_OF_FRAME,0
2026-06-12 16:56:35,Patience,0.0000,NO_FACE,OUT_OF_FRAME,0
2026-06-12 16:56:35,Patience,0.0000,NO_FACE,OUT_OF_FRAME,0
2026-06-12 16:56:36,Patience,0.0000,NO_FACE,OUT_OF_FRAME,0
2026-06-12 16:56:36,Patience,0.0000,NO_FACE,OUT_OF_FRAME,0
2026-06-12 16:56:36,Patience,0.0000,NO_FACE,OUT_OF_FRAME,0
2026-06-12 16:56:36,Patience,0.0000,NO_FACE,OUT_OF_FRAME,0
2026-06-12 16:56:36,Patience,0.0000,NO_FACE,OUT_OF_FRAME,0
2026-06-12 16:56:36,Patience,0.0000,NO_FACE,OUT_OF_FRAME,0
2026-06-12 16:56:36,Patience,0.0000,NO_FACE,OUT_OF_FRAME,0
2026-06-12 16:56:36,Patience,0.0000,NO_FACE,OUT_OF_FRAME,0
2026-06-12 16:56:37,Patience,0.0000,NO_FACE,OUT_OF_FRAME,0
2026-06-12 16:56:37,Patience,0.0000,NO_FACE,OUT_OF_FRAME,0
2026-06-12 16:56:37,Patience,0.0000,NO_FACE,OUT_OF_FRAME,0
2026-06-12 16:56:37,Patience,0.0000,NO_FACE,OUT_OF_FRAME,0
2026-06-12 16:56:37,Patience,0.0000,NO_FACE,OUT_OF_FRAME,0
2026-06-12 16:56:37,Patience,0.0000,NO_FACE,OUT_OF_FRAME,0
2026-06-12 16:56:37,Patience,0.0000,NO_FACE,OUT_OF_FRAME,0
2026-06-12 16:56:37,Patience,0.0000,NO_FACE,OUT_OF_FRAME,0
2026-06-12 16:56:38,Patience,0.0000,NO_FACE,OUT_OF_FRAME,0
2026-06-12 16:56:38,Patience,0.0000,NO_FACE,OUT_OF_FRAME,0
2026-06-12 16:56:38,Patience,0.0000,NO_FACE,OUT_OF_FRAME,0
2026-06-12 16:56:38,Patience,0.0000,NO_FACE,OUT_OF_FRAME,0
2026-06-12 16:56:39,Patience,0.4652,MOVE_RIGHT,MOVED_RIGHT,1
2026-06-12 16:56:39,Patience,0.5310,MOVE_RIGHT,MOVED_RIGHT,1
2026-06-12 16:56:39,Patience,0.5482,MOVE_RIGHT,MOVED_RIGHT,1
2026-06-12 16:56:39,Patience,0.5719,CENTERED,CENTERED,1
2026-06-12 16:56:39,Patience,0.5857,CENTERED,CENTERED,1
2026-06-12 16:56:39,Patience,0.6010,CENTERED,CENTERED,1
2026-06-12 16:56:40,Patience,0.5788,CENTERED,CENTERED,1
2026-06-12 16:56:40,Patience,0.5854,CENTERED,CENTERED,1
2026-06-12 16:56:40,Patience,0.5838,CENTERED,CENTERED,1
2026-06-12 16:56:40,Patience,0.5791,CENTERED,CENTERED,1
2026-06-12 16:56:40,Patience,0.5736,CENTERED,CENTERED,1
2026-06-12 16:56:40,Patience,0.5740,CENTERED,CENTERED,1
2026-06-12 16:56:40,Patience,0.5692,CENTERED,CENTERED,1
2026-06-12 16:56:41,Patience,0.5621,CENTERED,CENTERED,1
2026-06-12 16:56:41,Patience,0.5666,CENTERED,CENTERED,1
2026-06-12 16:56:41,Patience,0.5713,CENTERED,CENTERED,1
2026-06-12 16:56:41,Patience,0.5595,CENTERED,CENTERED,1
2026-06-12 16:56:42,Patience,0.5795,MOVE_RIGHT,MOVED_RIGHT,1
2026-06-12 16:56:42,Patience,0.5652,MOVE_RIGHT,MOVED_RIGHT,1
2026-06-12 16:56:42,Patience,0.5667,MOVE_RIGHT,MOVED_RIGHT,1
2026-06-12 16:56:42,Patience,0.5927,CENTERED,CENTERED,1
2026-06-12 16:56:42,Patience,0.5665,CENTERED,CENTERED,1
2026-06-12 16:56:43,Patience,0.5855,CENTERED,CENTERED,1
2026-06-12 16:56:43,Patience,0.5712,CENTERED,CENTERED,1
2026-06-12 16:56:43,Patience,0.0000,NO_FACE,OUT_OF_FRAME,0
2026-06-12 16:56:43,Patience,0.0000,NO_FACE,OUT_OF_FRAME,0
2026-06-12 16:56:43,Patience,0.0000,NO_FACE,OUT_OF_FRAME,0
2026-06-12 16:56:43,Patience,0.0000,NO_FACE,OUT_OF_FRAME,0
2026-06-12 16:56:43,Patience,0.0000,NO_FACE,OUT_OF_FRAME,0
2026-06-12 16:56:44,Patience,0.0000,NO_FACE,OUT_OF_FRAME,0
2026-06-12 16:56:44,Patience,0.0000,NO_FACE,OUT_OF_FRAME,0
2026-06-12 16:56:44,Patience,0.0000,NO_FACE,OUT_OF_FRAME,0
2026-06-12 16:56:44,Patience,0.0000,NO_FACE,OUT_OF_FRAME,0
2026-06-12 16:56:44,Patience,0.0000,NO_FACE,OUT_OF_FRAME,0
2026-06-12 16:56:44,Patience,0.0000,NO_FACE,OUT_OF_FRAME,0
2026-06-12 16:56:44,Patience,0.0000,NO_FACE,OUT_OF_FRAME,0
2026-06-12 16:56:45,Patience,0.0000,NO_FACE,OUT_OF_FRAME,0
2026-06-12 16:56:45,Patience,0.0000,NO_FACE,OUT_OF_FRAME,0
2026-06-12 16:56:45,Patience,0.0000,NO_FACE,OUT_OF_FRAME,0
2026-06-12 16:56:45,Patience,0.0000,NO_FACE,OUT_OF_FRAME,0
2026-06-12 16:56:45,Patience,0.0000,NO_FACE,OUT_OF_FRAME,0
2026-06-12 16:56:45,Patience,0.0000,NO_FACE,OUT_OF_FRAME,0
2026-06-12 16:56:45,Patience,0.4158,MOVE_LEFT,MOVED_LEFT,1
2026-06-12 16:56:46,Patience,0.0000,NO_FACE,OUT_OF_FRAME,0
2026-06-12 16:56:46,Patience,0.0000,NO_FACE,OUT_OF_FRAME,0
2026-06-12 16:56:46,Patience,0.0000,NO_FACE,OUT_OF_FRAME,0
2026-06-12 16:56:46,Patience,0.0000,NO_FACE,OUT_OF_FRAME,0
2026-06-12 16:56:46,Patience,0.4033,MOVE_RIGHT,MOVED_RIGHT,1
2026-06-12 16:56:46,Patience,0.0000,NO_FACE,OUT_OF_FRAME,0
2026-06-12 16:56:47,Patience,0.6034,MOVE_RIGHT,MOVED_RIGHT,1
2026-06-12 16:56:47,Patience,0.6601,MOVE_RIGHT,MOVED_RIGHT,1
2026-06-12 16:56:47,Patience,0.6010,MOVE_RIGHT,MOVED_RIGHT,1
2026-06-12 16:56:48,Patience,0.6765,MOVE_RIGHT,MOVED_RIGHT,1
2026-06-12 16:56:48,Patience,0.6665,MOVE_RIGHT,MOVED_RIGHT,1
2026-06-12 16:56:48,Patience,0.6303,MOVE_RIGHT,MOVED_RIGHT,1
2026-06-12 16:56:48,Patience,0.5373,MOVE_RIGHT,MOVED_RIGHT,1
2026-06-12 16:56:48,Patience,0.5502,MOVE_RIGHT,MOVED_RIGHT,1
2026-06-12 16:56:49,Patience,0.5601,MOVE_RIGHT,MOVED_RIGHT,1
2026-06-12 16:56:49,Patience,0.5870,MOVE_RIGHT,MOVED_RIGHT,1
2026-06-12 16:56:49,Patience,0.6271,MOVE_RIGHT,MOVED_RIGHT,1
2026-06-12 16:56:49,Patience,0.6244,MOVE_RIGHT,MOVED_RIGHT,1
2026-06-12 16:56:50,Patience,0.6482,MOVE_RIGHT,MOVED_RIGHT,1
2026-06-12 16:56:50,Patience,0.4845,MOVE_RIGHT,MOVED_RIGHT,1
2026-06-12 16:56:50,Patience,0.0000,NO_FACE,OUT_OF_FRAME,0
2026-06-12 16:56:50,Patience,0.0000,NO_FACE,OUT_OF_FRAME,0
2026-06-12 16:56:50,Patience,0.0000,NO_FACE,OUT_OF_FRAME,0
2026-06-12 16:56:50,Patience,0.0000,NO_FACE,OUT_OF_FRAME,0
2026-06-12 16:56:50,Patience,0.0000,NO_FACE,OUT_OF_FRAME,0
2026-06-12 16:56:50,Patience,0.0000,NO_FACE,OUT_OF_FRAME,0
2026-06-12 16:56:51,Patience,0.0000,NO_FACE,OUT_OF_FRAME,0
2026-06-12 16:56:51,Patience,0.0000,NO_FACE,OUT_OF_FRAME,0
2026-06-12 16:56:51,Patience,0.0000,NO_FACE,OUT_OF_FRAME,0
2026-06-12 16:56:51,Patience,0.0000,NO_FACE,OUT_OF_FRAME,0
2026-06-12 16:56:51,Patience,0.0000,NO_FACE,OUT_OF_FRAME,0
2026-06-12 16:56:51,Patience,0.4432,MOVE_RIGHT,MOVED_RIGHT,1
2026-06-12 16:56:51,Patience,0.5028,MOVE_RIGHT,MOVED_RIGHT,1
2026-06-12 16:56:52,Patience,0.5980,MOVE_RIGHT,MOVED_RIGHT,1
2026-06-12 16:56:52,Patience,0.6241,MOVE_RIGHT,MOVED_RIGHT,1
2026-06-12 16:56:52,Patience,0.6679,MOVE_RIGHT,MOVED_RIGHT,1
2026-06-12 16:56:52,Patience,0.6619,CENTERED,CENTERED,1
2026-06-12 16:56:52,Patience,0.6563,MOVE_LEFT,MOVED_LEFT,1
2026-06-12 16:56:53,Patience,0.7114,MOVE_LEFT,MOVED_LEFT,1
2026-06-12 16:56:53,Patience,0.7207,MOVE_LEFT,MOVED_LEFT,1
2026-06-12 16:56:53,Patience,0.7045,MOVE_LEFT,MOVED_LEFT,1
2026-06-12 16:56:53,Patience,0.6976,MOVE_LEFT,MOVED_LEFT,1
2026-06-12 16:56:54,Patience,0.7142,MOVE_LEFT,MOVED_LEFT,1
2026-06-12 16:56:54,Patience,0.7217,MOVE_LEFT,MOVED_LEFT,1
2026-06-12 16:56:54,Patience,0.7263,MOVE_LEFT,MOVED_LEFT,1
2026-06-12 16:56:54,Patience,0.6304,CENTERED,CENTERED,1
2026-06-12 16:56:54,Patience,0.6268,MOVE_RIGHT,MOVED_RIGHT,1
2026-06-12 16:56:55,Patience,0.0000,NO_FACE,OUT_OF_FRAME,0
2026-06-12 16:56:55,Patience,0.0000,NO_FACE,OUT_OF_FRAME,0
2026-06-12 16:56:55,Patience,0.0000,NO_FACE,OUT_OF_FRAME,0
2026-06-12 16:56:55,Patience,0.0000,NO_FACE,OUT_OF_FRAME,0
2026-06-12 16:56:55,Patience,0.0000,NO_FACE,OUT_OF_FRAME,0
2026-06-12 16:56:55,Patience,0.0000,NO_FACE,OUT_OF_FRAME,0
2026-06-12 16:56:55,Patience,0.0000,NO_FACE,OUT_OF_FRAME,0
2026-06-12 16:56:56,Patience,0.0000,NO_FACE,OUT_OF_FRAME,0
2026-06-12 16:56:56,Patience,0.0000,NO_FACE,OUT_OF_FRAME,0
2026-06-12 16:56:56,Patience,0.0000,NO_FACE,OUT_OF_FRAME,0
2026-06-12 16:56:56,Patience,0.0000,NO_FACE,OUT_OF_FRAME,0
2026-06-12 16:56:56,Patience,0.4852,MOVE_RIGHT,MOVED_RIGHT,1
2026-06-12 16:56:56,Patience,0.0000,NO_FACE,OUT_OF_FRAME,0
2026-06-12 16:56:56,Patience,0.0000,NO_FACE,OUT_OF_FRAME,0
2026-06-12 16:56:56,Patience,0.0000,NO_FACE,OUT_OF_FRAME,0
2026-06-12 16:56:57,Patience,0.0000,NO_FACE,OUT_OF_FRAME,0
2026-06-12 16:56:57,Patience,0.0000,NO_FACE,OUT_OF_FRAME,0
2026-06-12 16:56:57,Patience,0.0000,NO_FACE,OUT_OF_FRAME,0
2026-06-12 16:56:57,Patience,0.0000,NO_FACE,OUT_OF_FRAME,0
2026-06-12 16:56:57,Patience,0.0000,NO_FACE,OUT_OF_FRAME,0
2026-06-12 16:56:57,Patience,0.0000,NO_FACE,OUT_OF_FRAME,0
2026-06-12 16:56:57,Patience,0.0000,NO_FACE,OUT_OF_FRAME,0
2026-06-12 16:56:57,Patience,0.0000,NO_FACE,OUT_OF_FRAME,0
2026-06-12 16:56:58,Patience,0.0000,NO_FACE,OUT_OF_FRAME,0
2026-06-12 16:56:58,Patience,0.0000,NO_FACE,OUT_OF_FRAME,0
2026-06-12 16:56:58,Patience,0.0000,NO_FACE,OUT_OF_FRAME,0
2026-06-12 16:56:58,Patience,0.0000,NO_FACE,OUT_OF_FRAME,0
2026-06-12 16:56:58,Patience,0.0000,NO_FACE,OUT_OF_FRAME,0
2026-06-12 16:56:58,Patience,0.0000,NO_FACE,OUT_OF_FRAME,0
2026-06-12 16:56:58,Patience,0.0000,NO_FACE,OUT_OF_FRAME,0
2026-06-12 16:56:58,Patience,0.0000,NO_FACE,OUT_OF_FRAME,0
2026-06-12 16:56:59,Patience,0.0000,NO_FACE,OUT_OF_FRAME,0
2026-06-12 16:56:59,Patience,0.0000,NO_FACE,OUT_OF_FRAME,0
2026-06-12 16:56:59,Patience,0.0000,NO_FACE,OUT_OF_FRAME,0
2026-06-12 16:56:59,Patience,0.0000,NO_FACE,OUT_OF_FRAME,0
2026-06-12 16:56:59,Patience,0.0000,NO_FACE,OUT_OF_FRAME,0
2026-06-12 16:56:59,Patience,0.0000,NO_FACE,OUT_OF_FRAME,0
2026-06-12 16:56:59,Patience,0.0000,NO_FACE,OUT_OF_FRAME,0
2026-06-12 16:57:00,Patience,0.0000,NO_FACE,OUT_OF_FRAME,0
2026-06-12 16:57:00,Patience,0.0000,NO_FACE,OUT_OF_FRAME,0
2026-06-12 16:57:00,Patience,0.0000,NO_FACE,OUT_OF_FRAME,0
2026-06-12 16:57:00,Patience,0.0000,NO_FACE,OUT_OF_FRAME,0
2026-06-12 16:57:00,Patience,0.0000,NO_FACE,OUT_OF_FRAME,0
2026-06-12 16:57:00,Patience,0.0000,NO_FACE,OUT_OF_FRAME,0
2026-06-12 16:57:00,Patience,0.0000,NO_FACE,OUT_OF_FRAME,0
2026-06-12 16:57:01,Patience,0.0000,NO_FACE,OUT_OF_FRAME,0
2026-06-12 16:57:01,Patience,0.0000,NO_FACE,OUT_OF_FRAME,0
2026-06-12 16:57:01,Patience,0.0000,NO_FACE,OUT_OF_FRAME,0
2026-06-12 16:57:01,Patience,0.0000,NO_FACE,OUT_OF_FRAME,0
2026-06-12 16:57:01,Patience,0.0000,NO_FACE,OUT_OF_FRAME,0
2026-06-12 16:57:01,Patience,0.0000,NO_FACE,OUT_OF_FRAME,0
2026-06-12 16:57:01,Patience,0.0000,NO_FACE,OUT_OF_FRAME,0
2026-06-12 16:57:02,Patience,0.0000,NO_FACE,OUT_OF_FRAME,0
2026-06-12 16:57:02,Patience,0.0000,NO_FACE,OUT_OF_FRAME,0
2026-06-12 16:57:02,Patience,0.0000,NO_FACE,OUT_OF_FRAME,0
2026-06-12 16:57:02,Patience,0.0000,NO_FACE,OUT_OF_FRAME,0
2026-06-12 16:57:02,Patience,0.0000,NO_FACE,OUT_OF_FRAME,0
2026-06-12 16:57:02,Patience,0.0000,NO_FACE,OUT_OF_FRAME,0
2026-06-12 16:57:02,Patience,0.0000,NO_FACE,OUT_OF_FRAME,0
2026-06-12 16:57:02,Patience,0.0000,NO_FACE,OUT_OF_FRAME,0
2026-06-12 16:57:03,Patience,0.0000,NO_FACE,OUT_OF_FRAME,0
2026-06-12 16:57:03,Patience,0.0000,NO_FACE,OUT_OF_FRAME,0
2026-06-12 16:57:03,Patience,0.0000,NO_FACE,OUT_OF_FRAME,0
2026-06-12 16:57:03,Patience,0.0000,NO_FACE,OUT_OF_FRAME,0
2026-06-12 16:57:03,Patience,0.0000,NO_FACE,OUT_OF_FRAME,0
2026-06-12 16:57:03,Patience,0.0000,NO_FACE,OUT_OF_FRAME,0
2026-06-12 16:57:03,Patience,0.0000,NO_FACE,OUT_OF_FRAME,0
2026-06-12 16:57:03,Patience,0.0000,NO_FACE,OUT_OF_FRAME,0
2026-06-12 16:57:04,Patience,0.0000,NO_FACE,OUT_OF_FRAME,0
2026-06-12 16:57:04,Patience,0.0000,NO_FACE,OUT_OF_FRAME,0
2026-06-12 16:57:04,Patience,0.0000,NO_FACE,OUT_OF_FRAME,0
2026-06-12 16:57:04,Patience,0.0000,NO_FACE,OUT_OF_FRAME,0
2026-06-12 16:57:04,Patience,0.0000,NO_FACE,OUT_OF_FRAME,0
2026-06-12 16:57:04,Patience,0.0000,NO_FACE,OUT_OF_FRAME,0
2026-06-12 16:57:04,Patience,0.0000,NO_FACE,OUT_OF_FRAME,0
2026-06-12 16:57:04,Patience,0.0000,NO_FACE,OUT_OF_FRAME,0
2026-06-12 16:57:05,Patience,0.0000,NO_FACE,OUT_OF_FRAME,0
2026-06-12 16:57:05,Patience,0.0000,NO_FACE,OUT_OF_FRAME,0
2026-06-12 16:57:05,Patience,0.0000,NO_FACE,OUT_OF_FRAME,0
2026-06-12 16:57:05,Patience,0.0000,NO_FACE,OUT_OF_FRAME,0
2026-06-12 16:57:05,Patience,0.0000,NO_FACE,OUT_OF_FRAME,0
2026-06-12 16:57:05,Patience,0.0000,NO_FACE,OUT_OF_FRAME,0
2026-06-12 16:57:05,Patience,0.0000,NO_FACE,OUT_OF_FRAME,0
2026-06-12 16:57:05,Patience,0.0000,NO_FACE,OUT_OF_FRAME,0
2026-06-12 16:57:06,Patience,0.0000,NO_FACE,OUT_OF_FRAME,0
2026-06-12 16:57:06,Patience,0.0000,NO_FACE,OUT_OF_FRAME,0
2026-06-12 16:57:06,Patience,0.0000,NO_FACE,OUT_OF_FRAME,0
2026-06-12 16:57:06,Patience,0.0000,NO_FACE,OUT_OF_FRAME,0
2026-06-12 16:57:06,Patience,0.0000,NO_FACE,OUT_OF_FRAME,0
2026-06-12 16:57:06,Patience,0.0000,NO_FACE,OUT_OF_FRAME,0
2026-06-12 16:57:06,Patience,0.0000,NO_FACE,OUT_OF_FRAME,0
2026-06-12 16:57:07,Patience,0.0000,NO_FACE,OUT_OF_FRAME,0
2026-06-12 16:57:07,Patience,0.0000,NO_FACE,OUT_OF_FRAME,0
2026-06-12 16:57:07,Patience,0.0000,NO_FACE,OUT_OF_FRAME,0
2026-06-12 16:57:07,Patience,0.0000,NO_FACE,OUT_OF_FRAME,0
2026-06-12 16:57:07,Patience,0.0000,NO_FACE,OUT_OF_FRAME,0
2026-06-12 16:57:07,Patience,0.0000,NO_FACE,OUT_OF_FRAME,0
2026-06-12 16:57:07,Patience,0.0000,NO_FACE,OUT_OF_FRAME,0
2026-06-12 16:57:07,Patience,0.0000,NO_FACE,OUT_OF_FRAME,0
2026-06-12 16:57:08,Patience,0.0000,NO_FACE,OUT_OF_FRAME,0
2026-06-12 16:57:08,Patience,0.0000,NO_FACE,OUT_OF_FRAME,0
2026-06-12 16:57:08,Patience,0.0000,NO_FACE,OUT_OF_FRAME,0
2026-06-12 16:57:08,Patience,0.0000,NO_FACE,OUT_OF_FRAME,0
2026-06-12 16:57:08,Patience,0.0000,NO_FACE,OUT_OF_FRAME,0
2026-06-12 16:57:08,Patience,0.0000,NO_FACE,OUT_OF_FRAME,0
2026-06-12 16:57:08,Patience,0.0000,NO_FACE,OUT_OF_FRAME,0
2026-06-12 16:57:08,Patience,0.0000,NO_FACE,OUT_OF_FRAME,0
2026-06-12 16:57:09,Patience,0.0000,NO_FACE,OUT_OF_FRAME,0
2026-06-12 16:57:09,Patience,0.0000,NO_FACE,OUT_OF_FRAME,0
2026-06-12 16:57:09,Patience,0.0000,NO_FACE,OUT_OF_FRAME,0
2026-06-12 16:57:09,Patience,0.0000,NO_FACE,OUT_OF_FRAME,0
2026-06-12 16:57:09,Patience,0.0000,NO_FACE,OUT_OF_FRAME,0
2026-06-12 16:57:09,Patience,0.0000,NO_FACE,OUT_OF_FRAME,0
2026-06-12 16:57:09,Patience,0.0000,NO_FACE,OUT_OF_FRAME,0
2026-06-12 16:57:09,Patience,0.0000,NO_FACE,OUT_OF_FRAME,0
2026-06-12 16:57:10,Patience,0.0000,NO_FACE,OUT_OF_FRAME,0
2026-06-12 16:57:10,Patience,0.0000,NO_FACE,OUT_OF_FRAME,0
2026-06-12 16:57:10,Patience,0.0000,NO_FACE,OUT_OF_FRAME,0
2026-06-12 16:57:10,Patience,0.0000,NO_FACE,OUT_OF_FRAME,0
2026-06-12 16:57:10,Patience,0.0000,NO_FACE,OUT_OF_FRAME,0
2026-06-12 16:57:10,Patience,0.0000,NO_FACE,OUT_OF_FRAME,0
2026-06-12 16:57:10,Patience,0.0000,NO_FACE,OUT_OF_FRAME,0
2026-06-12 16:57:10,Patience,0.0000,NO_FACE,OUT_OF_FRAME,0
2026-06-12 16:57:11,Patience,0.0000,NO_FACE,OUT_OF_FRAME,0
2026-06-12 16:57:11,Patience,0.0000,NO_FACE,OUT_OF_FRAME,0
2026-06-12 16:57:11,Patience,0.0000,NO_FACE,OUT_OF_FRAME,0
2026-06-12 16:57:11,Patience,0.0000,NO_FACE,OUT_OF_FRAME,0
2026-06-12 16:57:11,Patience,0.0000,NO_FACE,OUT_OF_FRAME,0
2026-06-12 16:57:11,Patience,0.0000,NO_FACE,OUT_OF_FRAME,0
2026-06-12 16:57:11,Patience,0.0000,NO_FACE,OUT_OF_FRAME,0
2026-06-12 16:57:11,Patience,0.0000,NO_FACE,OUT_OF_FRAME,0
2026-06-12 16:57:12,Patience,0.0000,NO_FACE,OUT_OF_FRAME,0
2026-06-12 16:57:12,Patience,0.0000,NO_FACE,OUT_OF_FRAME,0
2026-06-12 16:57:12,Patience,0.0000,NO_FACE,OUT_OF_FRAME,0
2026-06-12 16:57:12,Patience,0.0000,NO_FACE,OUT_OF_FRAME,0
2026-06-12 16:57:12,Patience,0.0000,NO_FACE,OUT_OF_FRAME,0
2026-06-12 16:57:12,Patience,0.0000,NO_FACE,OUT_OF_FRAME,0
2026-06-12 16:57:12,Patience,0.0000,NO_FACE,OUT_OF_FRAME,0
2026-06-12 16:57:12,Patience,0.0000,NO_FACE,OUT_OF_FRAME,0
2026-06-12 16:57:13,Patience,0.0000,NO_FACE,OUT_OF_FRAME,0
2026-06-12 16:57:13,Patience,0.0000,NO_FACE,OUT_OF_FRAME,0
2026-06-12 16:57:13,Patience,0.0000,NO_FACE,OUT_OF_FRAME,0
2026-06-12 16:57:13,Patience,0.0000,NO_FACE,OUT_OF_FRAME,0
2026-06-12 16:57:13,Patience,0.0000,NO_FACE,OUT_OF_FRAME,0
2026-06-12 16:57:13,Patience,0.0000,NO_FACE,OUT_OF_FRAME,0
2026-06-12 16:57:13,Patience,0.0000,NO_FACE,OUT_OF_FRAME,0
2026-06-12 16:57:13,Patience,0.0000,NO_FACE,OUT_OF_FRAME,0
2026-06-12 16:57:14,Patience,0.0000,NO_FACE,OUT_OF_FRAME,0
2026-06-12 16:57:14,Patience,0.0000,NO_FACE,OUT_OF_FRAME,0
2026-06-12 16:57:14,Patience,0.0000,NO_FACE,OUT_OF_FRAME,0
